PistaNGGYU,PistaNGGYU,Pista4,Pista4,Pista2,Pista2,PistaLaSanta,PistaLaSanta,PistaBichota,PistaBichota,PistaEADLCC,PistaEADLCC,PistaBangarang,PistaBangarang
time,hz,time,hz,time,hz,time,hz,time,hz,time,hz,time,hz
0.0946938775510204,215.33203125,0.04634920634920635,5501.7333984375,0.09351473922902494,75.3662109375,0.0005442176870748299,64.599609375,0.00045351473922902497,53.8330078125,0.13922902494331066,5501.7333984375,0.04634920634920635,5501.7333984375
0.18793650793650793,258.3984375,0.10430839002267574,1356.591796875,0.18639455782312925,75.3662109375,0.09342403628117914,64.599609375,0.09342403628117914,64.599609375,0.23210884353741496,5501.7333984375,0.13922902494331066,5501.7333984375
0.2805442176870748,226.0986328125,0.19736961451247165,1378.125,0.27936507936507937,86.1328125,0.09442176870748299,183.0322265625,0.283265306122449,549.0966796875,0.3249886621315193,5501.7333984375,0.23210884353741496,5501.7333984375
0.3730612244897959,183.0322265625,0.566984126984127,1152.0263671875,0.3791383219954649,904.39453125,0.1872108843537415,172.265625,0.37387755102040815,279.931640625,0.4178684807256236,5501.7333984375,0.3249886621315193,5501.7333984375
0.4663038548752835,226.0986328125,0.8451700680272108,1098.193359375,0.47183673469387755,882.861328125,0.2801814058956916,183.0322265625,0.37859410430839,839.794921875,0.5107482993197279,5501.7333984375,0.4178684807256236,5501.7333984375
0.5587301587301587,172.265625,2.7914739229024943,602.9296875,0.5609977324263039,441.4306640625,0.3730612244897959,183.0322265625,0.47138321995464855,829.0283203125,0.6036281179138322,5501.7333984375,0.5107482993197279,5501.7333984375
0.6518820861678004,204.5654296875,3.069206349206349,495.263671875,0.5647165532879819,882.861328125,0.4659410430839002,183.0322265625,0.5643537414965987,839.794921875,0.6965079365079365,5501.7333984375,0.6036281179138322,5501.7333984375
0.652063492063492,226.0986328125,3.5327891156462585,398.3642578125,0.6617687074829932,1378.125,0.5601814058956917,344.53125,0.8382766439909297,279.931640625,0.7893877551020408,5501.7333984375,0.6965079365079365,5501.7333984375
0.7451247165532879,247.6318359375,5.296145124716554,236.865234375,0.7505668934240363,893.6279296875,0.6530612244897959,344.53125,0.931156462585034,279.931640625,0.8822675736961452,5501.7333984375,0.7893877551020408,5501.7333984375
0.8380045351473923,247.6318359375,7.081451247165533,2680.8837890625,0.8434467120181406,893.6279296875,0.7459410430839002,344.53125,1.0240362811791384,279.931640625,0.9751473922902494,5501.7333984375,0.8822675736961452,5501.7333984375
0.930702947845805,226.0986328125,7.265487528344671,2476.318359375,0.8547845804988662,2239.453125,0.8382766439909297,279.931640625,1.1169160997732426,279.931640625,1.0680272108843538,5501.7333984375,0.9751473922902494,5501.7333984375
1.0235827664399093,226.0986328125,7.357551020408163,2379.4189453125,0.9364172335600907,904.39453125,0.931156462585034,279.931640625,1.209795918367347,279.931640625,1.160907029478458,5501.7333984375,1.210702947845805,387.59765625
1.1157369614512471,139.9658203125,7.44952380952381,2271.7529296875,0.9476643990929705,2239.453125,1.0239455782312925,269.1650390625,1.7699773242630386,624.462890625,1.2537868480725625,5501.7333984375,1.4063492063492065,1561.1572265625
1.208798185941043,161.4990234375,7.542040816326531,2228.6865234375,1.0405442176870747,2239.453125,1.1164625850340135,226.0986328125,1.8629478458049886,635.2294921875,1.3466666666666667,5501.7333984375,1.4894331065759636,398.3642578125
1.3020408163265307,204.5654296875,7.633832199546485,2099.4873046875,1.119092970521542,538.330078125,1.209342403628118,226.0986328125,1.9540136054421768,419.8974609375,1.439546485260771,5501.7333984375,1.86421768707483,785.9619140625
1.7670748299319727,279.931640625,7.7259863945578235,2013.3544921875,1.2158730158730158,1001.2939453125,1.3022222222222222,226.0986328125,1.9557369614512472,624.462890625,1.5324263038548753,5501.7333984375,1.9570975056689341,785.9619140625
2.5084807256235826,86.1328125,7.818412698412699,1959.521484375,1.3191836734693878,2239.453125,1.3951020408163266,226.0986328125,2.0486167800453514,624.462890625,1.6253061224489795,5501.7333984375,2.530702947845805,2723.9501953125
2.697052154195011,419.8974609375,7.91047619047619,1862.6220703125,1.3988208616780045,667.529296875,1.4876190476190476,183.0322265625,2.417233560090703,279.931640625,1.718185941043084,5501.7333984375,2.8825396825396825,387.59765625
2.7899319727891156,419.8974609375,8.002721088435374,1787.255859375,1.4044444444444444,1335.05859375,1.5804988662131518,183.0322265625,2.5103854875283447,312.2314453125,1.8110657596371882,5501.7333984375,3.2574149659863947,785.9619140625
2.88281179138322,419.8974609375,8.095238095238095,1744.189453125,1.491700680272109,667.529296875,1.6733786848072563,183.0322265625,2.698140589569161,549.0966796875,1.9039455782312926,5501.7333984375,3.4398185941043082,387.59765625
3.065668934240363,75.3662109375,8.187301587301587,1647.2900390625,1.590204081632653,1335.05859375,1.7676190476190476,344.53125,3.1631746031746033,624.462890625,1.9504761904761905,0.0,3.5491156462585036,2336.3525390625
3.4370068027210885,53.8330078125,8.279818594104308,1604.2236328125,1.6830839002267575,1335.05859375,1.8604988662131519,344.53125,3.2560544217687073,624.462890625,2.136689342403628,53.8330078125,3.734875283446712,2336.3525390625
3.6228571428571428,64.599609375,8.371972789115647,1518.0908203125,1.7703401360544218,667.529296875,1.9533786848072563,344.53125,3.3489342403628117,624.462890625,2.229750566893424,75.3662109375,3.9239909297052153,2734.716796875
4.087437641723356,86.1328125,8.556916099773243,1421.19140625,1.863219954648526,667.529296875,2.0462585034013605,344.53125,3.4391836734693877,312.2314453125,2.3234467120181406,172.265625,4.093333333333334,785.9619140625
4.644625850340136,75.3662109375,8.649160997732427,1345.8251953125,1.9575510204081632,839.794921875,2.13859410430839,279.931640625,3.4417233560090703,613.6962890625,2.416326530612245,172.265625,4.279092970521542,785.9619140625
5.759183673469388,75.3662109375,8.741678004535148,1302.7587890625,2.0504308390022676,839.794921875,2.2314739229024942,279.931640625,3.810702947845805,312.2314453125,2.509206349206349,172.265625,4.927981859410431,635.2294921875
5.856145124716553,559.86328125,8.926621315192744,1205.859375,2.236734693877551,904.39453125,2.3243537414965987,279.931640625,3.9035827664399094,312.2314453125,2.6018140589569163,139.9658203125,5.207891156462585,785.9619140625
6.223582766439909,75.3662109375,9.019047619047619,1152.0263671875,2.329433106575964,882.861328125,2.4168707482993197,236.865234375,3.9964625850340134,312.2314453125,2.6946031746031744,129.19921875,5.486530612244898,785.9619140625
6.780770975056689,64.599609375,9.111473922902494,1098.193359375,2.418684807256236,452.197265625,2.509750566893424,236.865234375,4.089342403628118,312.2314453125,2.7875736961451247,139.9658203125,5.586031746031746,1571.923828125
6.877551020408164,527.5634765625,9.204081632653061,1065.8935546875,2.4224943310657596,904.39453125,2.6026303854875286,236.865234375,4.18485260770975,624.462890625,2.8803628117913833,129.19921875,5.672199546485261,775.1953125
7.15437641723356,312.2314453125,9.296507936507936,1012.060546875,2.515283446712018,893.6279296875,2.6954195011337867,226.0986328125,4.553741496598639,312.2314453125,2.973333333333333,139.9658203125,5.778412698412699,2357.8857421875
7.245351473922902,86.1328125,9.389115646258503,979.7607421875,2.6081632653061226,893.6279296875,2.7881179138321994,204.5654296875,4.646621315192744,312.2314453125,3.0661224489795917,129.19921875,5.859319727891156,936.6943359375
7.341043083900227,419.8974609375,9.574149659863945,893.6279296875,2.7009523809523808,882.861328125,2.880997732426304,204.5654296875,4.739501133786848,312.2314453125,3.252698412698413,226.0986328125,5.9523809523809526,958.2275390625
7.802539682539683,75.3662109375,9.666757369614512,861.328125,2.793922902494331,893.6279296875,2.9738775510204083,204.5654296875,4.832380952380952,312.2314453125,3.345578231292517,226.0986328125,6.060226757369614,2734.716796875
8.359818594104308,75.3662109375,9.759365079365079,829.0283203125,2.888344671201814,1076.66015625,3.068027210884354,355.2978515625,4.925260770975057,312.2314453125,3.715918367346939,86.1328125,6.229478458049886,775.1953125
8.824308390022676,86.1328125,9.851972789115646,796.728515625,2.9796825396825395,893.6279296875,3.1608163265306124,344.53125,5.296780045351474,312.2314453125,3.808798185941043,86.1328125,6.322358276643991,775.1953125
8.917006802721088,64.599609375,9.944580498866213,764.4287109375,3.07265306122449,904.39453125,3.2536961451247164,344.53125,5.389659863945578,312.2314453125,3.9016780045351473,86.1328125,6.693968253968254,785.9619140625
9.012879818594104,419.8974609375,10.03718820861678,732.12890625,3.165532879818594,904.39453125,3.346575963718821,344.53125,5.482448979591837,301.46484375,3.994557823129252,86.1328125,6.786848072562358,785.9619140625
9.0140589569161,559.86328125,10.129795918367346,699.8291015625,3.2621315192743765,1345.8251953125,3.4424489795918367,699.8291015625,5.577414965986395,549.0966796875,4.6453514739229025,161.4990234375,6.879818594104308,796.728515625
9.291519274376418,419.8974609375,10.222494331065759,678.2958984375,3.351201814058957,893.6279296875,3.532426303854875,355.2978515625,5.6702947845804985,549.0966796875,4.738412698412699,183.0322265625,6.973877551020408,936.6943359375
9.381496598639457,75.3662109375,10.315102040816326,645.99609375,3.4536054421768707,2024.12109375,3.535328798185941,699.8291015625,5.946938775510204,312.2314453125,4.831201814058957,172.265625,7.065487528344671,785.9619140625
10.034285714285714,387.59765625,10.407800453514739,624.462890625,3.546485260770975,2024.12109375,3.6253061224489795,355.2978515625,6.039818594104308,312.2314453125,5.48108843537415,139.9658203125,7.158367346938776,785.9619140625
10.591836734693878,419.8974609375,10.593106575963718,570.6298828125,3.825124716553288,2024.12109375,3.7169160997732424,204.5654296875,6.1347845804988665,559.86328125,5.852244897959183,96.8994140625,7.3441269841269845,785.9619140625
10.777596371882087,419.8974609375,10.685804988662131,549.0966796875,4.001451247165533,904.39453125,3.7173696145124717,258.3984375,6.227573696145125,549.0966796875,5.945034013605442,86.1328125,7.437006802721088,785.9619140625
10.870476190476191,419.8974609375,10.778503401360544,527.5634765625,4.090521541950113,452.197265625,3.809795918367347,204.5654296875,6.318185941043084,279.931640625,5.945759637188209,172.265625,7.622766439909297,785.9619140625
10.960544217687074,86.1328125,10.871201814058956,506.0302734375,4.094331065759637,904.39453125,3.9026757369614513,204.5654296875,6.3205442176870745,559.86328125,6.223582766439909,75.3662109375,7.7155555555555555,775.1953125
11.149115646258503,419.8974609375,10.963900226757369,484.4970703125,4.1834013605442175,452.197265625,3.99546485260771,193.798828125,6.4110657596371885,279.931640625,6.6892517006802725,226.0986328125,7.808526077097506,785.9619140625
11.33578231292517,527.5634765625,11.056689342403628,473.73046875,4.187210884353742,904.39453125,4.08843537414966,204.5654296875,6.413333333333333,549.0966796875,6.873741496598639,75.3662109375,7.90140589569161,785.9619140625
11.517732426303855,75.3662109375,11.14938775510204,452.197265625,4.280090702947846,904.39453125,4.088526077097506,215.33203125,6.689705215419501,279.931640625,6.966439909297052,53.8330078125,8.08843537414966,936.6943359375
12.074920634920636,64.599609375,11.242086167800453,430.6640625,4.372879818594105,893.6279296875,4.181315192743764,204.5654296875,6.782585034013605,279.931640625,7.059591836734694,86.1328125,8.196462585034014,2734.716796875
12.17015873015873,344.53125,11.334784580498866,409.130859375,4.462040816326531,452.197265625,4.273378684807256,107.666015625,6.875374149659864,269.1650390625,7.617596371882086,172.265625,8.289433106575963,2745.4833984375
12.356009070294785,355.2978515625,11.427573696145124,398.3642578125,4.465668934240362,882.861328125,4.274285714285714,215.33203125,6.968344671201814,279.931640625,7.710566893424036,183.0322265625,8.365804988662132,785.9619140625
12.539410430839002,75.3662109375,11.520272108843537,376.8310546875,4.5600907029478455,1065.8935546875,4.368253968253968,344.53125,7.060589569160998,204.5654296875,7.803356009070295,172.265625,8.458684807256235,785.9619140625
13.096689342403629,75.3662109375,11.613061224489796,366.064453125,4.65297052154195,1065.8935546875,4.461133786848072,344.53125,7.4327437641723355,279.931640625,7.896417233560091,193.798828125,8.830204081632653,785.9619140625
13.193650793650793,559.86328125,11.705759637188208,344.53125,4.7443990929705215,893.6279296875,4.554013605442177,344.53125,7.52562358276644,279.931640625,7.989206349206349,183.0322265625,8.923083900226757,785.9619140625
14.118367346938776,75.3662109375,11.798548752834467,333.7646484375,4.846984126984127,2045.654296875,4.646893424036281,344.53125,7.618503401360544,279.931640625,8.26702947845805,86.1328125,9.015963718820862,785.9619140625
14.675646258503402,75.3662109375,11.891337868480726,322.998046875,4.928344671201814,678.2958984375,4.739863945578231,355.2978515625,7.711383219954649,279.931640625,8.546031746031746,129.19921875,9.294603174603175,785.9619140625
15.049160997732427,312.2314453125,11.984126984126984,312.2314453125,5.026938775510204,1356.591796875,4.832743764172336,355.2978515625,7.804263038548753,279.931640625,8.638548752834467,86.1328125,9.573151927437642,775.1953125
15.327800453514739,312.2314453125,12.076916099773243,301.46484375,5.032743764172336,2045.654296875,4.924807256235828,258.3984375,8.364444444444445,624.462890625,8.731428571428571,86.1328125,10.684807256235828,430.6640625
15.516190476190475,624.462890625,12.169705215419501,290.6982421875,5.115918367346938,893.6279296875,5.017233560090703,204.5654296875,8.549659863945578,559.86328125,8.732244897959184,183.0322265625,17.372154195011337,430.6640625
15.609160997732426,635.2294921875,12.262403628117914,269.1650390625,5.1257142857142854,2056.4208984375,5.017687074829932,258.3984375,9.013514739229025,495.263671875,8.824308390022676,86.1328125,21.739319727891157,645.99609375
15.697414965986395,86.1328125,12.355192743764173,258.3984375,5.209795918367347,1012.060546875,5.110113378684807,204.5654296875,9.10639455782313,495.263671875,8.825034013605443,172.265625,25.185215419501134,1754.9560546875
15.79310657596372,419.8974609375,12.447981859410431,247.6318359375,5.299773242630385,667.529296875,5.202993197278912,204.5654296875,9.199274376417234,495.263671875,8.91718820861678,86.1328125,26.286621315192743,193.798828125
15.887709750566893,624.462890625,12.54077097505669,236.865234375,5.483537414965986,430.6640625,5.295873015873016,204.5654296875,9.382947845804988,247.6318359375,9.010068027210885,86.1328125,26.37950113378685,193.798828125
16.254603174603176,75.3662109375,12.633650793650794,236.865234375,5.576054421768707,387.59765625,5.295963718820862,215.33203125,9.754467120181406,247.6318359375,9.383038548752834,258.3984375,30.186122448979592,21.533203125
16.811791383219955,64.599609375,12.726439909297053,226.0986328125,5.673287981859411,904.39453125,5.388299319727891,150.732421875,9.845260770975056,0.0,9.660589569160997,129.19921875,34.551473922902495,21.533203125
17.186303854875284,419.8974609375,12.819229024943311,215.33203125,5.766167800453514,904.39453125,5.4812698412698415,161.4990234375,9.84734693877551,247.6318359375,9.753469387755102,129.19921875,38.35954648526077,21.533203125
17.276371882086167,86.1328125,12.91201814058957,204.5654296875,5.859047619047619,904.39453125,5.48172335600907,215.33203125,9.940226757369615,247.6318359375,9.846439909297052,139.9658203125,38.916825396825395,21.533203125
17.83356009070295,75.3662109375,13.004807256235827,193.798828125,5.952018140589569,915.1611328125,5.574149659863946,161.4990234375,10.03310657596372,247.6318359375,9.939591836734694,172.265625,42.72489795918367,21.533203125
18.019138321995467,53.8330078125,13.097687074829931,193.798828125,6.044716553287982,893.6279296875,5.668571428571428,344.53125,10.125986394557824,247.6318359375,10.032471655328798,172.265625,47.36907029478458,43.06640625
19.04235827664399,236.865234375,13.19047619047619,183.0322265625,6.137687074829932,904.39453125,5.761541950113378,355.2978515625,10.49750566893424,247.6318359375,10.496054421768708,75.3662109375,51.734421768707485,43.06640625
19.2281179138322,236.865234375,13.283265306122448,172.265625,6.231836734693878,1055.126953125,5.854331065759637,344.53125,10.590385487528344,247.6318359375,10.588934240362812,75.3662109375,56.00698412698413,53.8330078125
19.59954648526077,226.0986328125,13.376145124716553,172.265625,6.323446712018141,904.39453125,5.9472108843537415,344.53125,10.683356009070295,258.3984375,11.332789115646259,172.265625,56.099773242630384,43.06640625
19.971791383219955,312.2314453125,13.468934240362811,161.4990234375,6.416326530612245,904.39453125,5.950204081632653,699.8291015625,10.685351473922902,495.263671875,11.425668934240363,172.265625,60.37233560090703,53.8330078125
20.064761904761905,322.998046875,13.56045351473923,0.0,6.509206349206349,904.39453125,6.039546485260771,279.931640625,11.242176870748299,441.4306640625,11.704761904761904,226.0986328125,60.46512471655329,43.06640625
20.159274376417233,516.796875,14.48952380952381,32.2998046875,6.611519274376417,2024.12109375,6.132426303854875,279.931640625,11.522721088435373,667.529296875,11.982494331065759,118.4326171875,63.068934240362815,419.8974609375
20.345124716553286,527.5634765625,14.675283446712019,32.2998046875,6.704489795918367,2034.8876953125,6.22530612244898,279.931640625,12.634467120181405,333.7646484375,12.261224489795918,129.19921875,63.06902494331066,430.6640625
21.36417233560091,215.33203125,14.768163265306123,32.2998046875,6.79156462585034,1345.8251953125,6.318185941043084,279.931640625,12.918639455782312,990.52734375,12.354104308390022,129.19921875,63.16199546485261,441.4306640625
21.642721088435373,204.5654296875,15.697687074829933,118.4326171875,6.797278911564626,2024.12109375,6.4110657596371885,279.931640625,13.011519274376417,990.52734375,12.725260770975057,86.1328125,63.254784580498864,430.6640625
21.737414965986396,419.8974609375,17.83310657596372,21.533203125,6.89015873015873,2024.12109375,6.503764172335601,258.3984375,14.400997732426303,549.0966796875,12.72562358276644,129.19921875,63.43736961451247,53.8330078125
21.82857142857143,215.33203125,18.018956916099775,32.2998046875,7.064489795918368,667.529296875,6.595827664399093,161.4990234375,14.493877551020407,549.0966796875,12.818140589569161,86.1328125,64.6497052154195,635.2294921875
21.921360544217688,204.5654296875,18.111836734693878,32.2998046875,7.157369614512471,667.529296875,6.596643990929706,258.3984375,15.235102040816326,333.7646484375,13.189750566893425,96.8994140625,65.11210884353741,398.3642578125
21.921451247165532,215.33203125,18.297324263038547,0.0,7.34312925170068,667.529296875,6.688707482993197,161.4990234375,15.513560090702947,312.2314453125,13.28263038548753,96.8994140625,65.20526077097506,430.6640625
22.10893424036281,419.8974609375,18.483083900226756,0.0,7.4380045351473925,904.39453125,6.689614512471655,269.1650390625,15.606439909297052,312.2314453125,13.375510204081632,96.8994140625,65.29804988662131,419.8974609375
22.201814058956916,419.8974609375,19.133877551020408,75.3662109375,7.530702947845805,882.861328125,6.781496598639456,150.732421875,15.884807256235828,279.931640625,13.468390022675736,96.8994140625,65.57360544217687,53.8330078125
22.2918820861678,86.1328125,20.619319727891156,0.0,7.62358276643991,882.861328125,6.782403628117914,258.3984375,16.627573696145124,247.6318359375,13.56126984126984,96.8994140625,65.76272108843537,452.197265625
22.477369614512472,53.8330078125,21.269750566893425,32.2998046875,7.716553287981859,893.6279296875,6.874467120181406,161.4990234375,17.373151927437643,549.0966796875,13.839909297052154,96.8994140625,66.2292970521542,710.595703125
22.570430839002267,75.3662109375,21.548390022675736,32.2998046875,7.809614512471655,915.1611328125,6.875283446712018,258.3984375,18.02095238095238,269.1650390625,14.026303854875284,172.265625,66.7859410430839,635.2294921875
22.850430839002268,236.865234375,22.105850340136055,53.8330078125,7.902403628117914,904.39453125,6.9688888888888885,344.53125,18.116190476190475,549.0966796875,14.211882086167801,150.732421875,67.06249433106576,387.59765625
22.94331065759637,236.865234375,22.570884353741498,129.19921875,7.995283446712018,904.39453125,7.061768707482993,344.53125,18.66920634920635,43.06640625,14.303492063492063,0.0,67.24544217687075,53.8330078125
23.40798185941043,269.1650390625,23.778321995464854,129.19921875,8.088163265306122,904.39453125,7.154648526077097,344.53125,18.76408163265306,279.931640625,14.67546485260771,53.8330078125,67.34122448979592,398.3642578125
23.50077097505669,258.3984375,25.356190476190477,0.0,8.096598639455783,1905.6884765625,7.246984126984127,279.931640625,19.228208616780044,247.6318359375,14.862675736961451,226.0986328125,67.43428571428572,419.8974609375
23.779501133786848,269.1650390625,27.586848072562358,183.0322265625,8.18095238095238,893.6279296875,7.339863945578231,279.931640625,19.50657596371882,215.33203125,15.23374149659864,172.265625,67.52734693877551,441.4306640625
23.964988662131518,236.865234375,27.67909297052154,107.666015625,8.27392290249433,904.39453125,7.4327437641723355,279.931640625,19.599455782312926,215.33203125,15.326621315192744,172.265625,67.80272108843538,53.8330078125
24.14938775510204,75.3662109375,27.771337868480725,32.2998046875,8.365895691609976,796.728515625,7.52562358276644,279.931640625,20.25251700680272,559.86328125,15.419501133786849,172.265625,69.0150566893424,635.2294921875
24.42920634920635,215.33203125,27.86403628117914,10.7666015625,8.45795918367347,699.8291015625,7.618503401360544,279.931640625,20.25877551020408,1302.7587890625,15.512380952380953,172.265625,69.1059410430839,398.3642578125
24.802448979591837,419.8974609375,,,8.562721088435374,2110.25390625,7.711383219954649,279.931640625,20.993832199546485,355.2978515625,15.697687074829933,118.4326171875,69.47736961451247,387.59765625
25.266848072562357,419.8974609375,,,8.643718820861679,699.8291015625,7.8040816326530615,258.3984375,21.36498866213152,312.2314453125,15.976780045351473,172.265625,69.66358276643992,441.4306640625
25.359727891156464,419.8974609375,,,8.740770975056689,1195.0927734375,7.80625850340136,516.796875,21.5481179138322,0.0,16.069659863945578,172.265625,71.42784580498866,387.59765625
27.680362811791383,258.3984375,,,8.833560090702948,1184.326171875,7.896689342403628,226.0986328125,21.83047619047619,441.4306640625,16.81233560090703,129.19921875,72.16807256235828,53.8330078125
27.773242630385486,258.3984375,,,8.922539682539682,721.3623046875,7.989659863945578,236.865234375,21.921995464852607,279.931640625,16.905215419501133,129.19921875,73.84272108843537,387.59765625
27.959002267573695,258.3984375,,,9.015419501133787,721.3623046875,8.082539682539682,236.865234375,22.014875283446713,279.931640625,16.997732426303855,86.1328125,73.9360544217687,441.4306640625
28.05170068027211,236.865234375,,,9.107845804988662,667.529296875,8.175419501133787,236.865234375,22.10748299319728,247.6318359375,17.276825396825398,139.9658203125,74.30430839002267,53.8330078125
28.793197278911563,53.8330078125,,,9.201904761904762,807.4951171875,8.27092970521542,549.0966796875,22.200634920634922,279.931640625,17.3697052154195,139.9658203125,76.16498866213152,419.8974609375
28.88625850340136,75.3662109375,,,9.29469387755102,796.728515625,8.373242630385487,1668.8232421875,22.670929705215418,979.7607421875,17.83374149659864,96.8994140625,77.92662131519275,53.8330078125
30.37342403628118,204.5654296875,,,9.39437641723356,1604.2236328125,8.456780045351474,559.86328125,22.757913832199545,279.931640625,17.926530612244896,86.1328125,78.48390022675737,53.8330078125
30.46530612244898,86.1328125,,,9.48045351473923,796.728515625,8.549659863945578,559.86328125,23.039727891156463,656.7626953125,18.390839002267573,75.3662109375,78.76371882086168,193.798828125
30.559183673469388,204.5654296875,,,9.57342403628118,807.4951171875,8.642539682539683,559.86328125,23.12934240362812,269.1650390625,18.577233560090704,150.732421875,80.34104308390023,0.0
30.652154195011338,215.33203125,,,9.666303854875283,807.4951171875,8.737687074829932,829.0283203125,23.132607709750566,656.7626953125,18.855056689342405,53.8330078125,81.00698412698412,1873.388671875
30.92952380952381,64.599609375,,,9.76,904.39453125,8.826666666666666,366.064453125,23.225487528344672,656.7626953125,19.32,118.4326171875,82.57088435374149,86.1328125
31.022494331065758,75.3662109375,,,9.852063492063492,807.4951171875,8.919365079365079,344.53125,23.31827664399093,645.99609375,19.41278911564626,107.666015625,83.87882086167801,990.52734375
31.30249433106576,236.865234375,,,9.944943310657596,807.4951171875,9.012244897959183,344.53125,23.41124716553288,656.7626953125,19.50575963718821,118.4326171875,84.70639455782313,0.0
31.395374149659865,236.865234375,,,10.048163265306123,2034.8876953125,9.105124716553288,344.53125,23.504126984126984,656.7626953125,19.692426303854877,226.0986328125,86.5643537414966,43.06640625
31.676009070294786,473.73046875,,,10.135328798185942,1356.591796875,9.198639455782313,419.8974609375,23.594104308390023,312.2314453125,19.878639455782313,279.931640625,86.86566893424036,2734.716796875
31.86004535147392,269.1650390625,,,10.234013605442177,2045.654296875,9.289977324263038,236.865234375,24.337142857142858,312.2314453125,20.064399092970522,279.931640625,86.9651700680272,3520.6787109375
31.95283446712018,258.3984375,,,10.411700680272109,1087.4267578125,9.382857142857143,236.865234375,26.00671201814059,43.06640625,20.433560090702947,0.0,91.3015873015873,86.1328125
32.511927437641724,473.73046875,,,10.499954648526078,538.330078125,9.673560090702948,1668.8232421875,26.103854875283446,549.0966796875,20.527165532879817,86.1328125,92.51709750566893,1044.3603515625
33.2562358276644,624.462890625,,,10.504580498866213,1087.4267578125,9.757097505668934,559.86328125,27.58730158730159,236.865234375,20.712925170068026,86.1328125,92.60952380952381,990.52734375
33.54539682539683,1873.388671875,,,10.60580498866213,2077.9541015625,9.849886621315193,549.0966796875,27.959455782312926,312.2314453125,21.456417233560092,139.9658203125,93.43709750566893,0.0
33.72063492063492,624.462890625,,,10.69859410430839,2067.1875,9.941678004535147,419.8974609375,28.05233560090703,312.2314453125,21.549297052154195,139.9658203125,95.2950566893424,43.06640625
33.81351473922903,624.462890625,,,10.77859410430839,538.330078125,9.942857142857143,559.86328125,29.166621315192742,279.931640625,22.106848072562357,172.265625,95.69587301587302,3520.6787109375
35.10902494331066,53.8330078125,,,10.78312925170068,1076.66015625,10.038004535147392,829.0283203125,30.188662131519273,322.998046875,22.19891156462585,75.3662109375,97.80244897959183,0.0
35.39419501133787,829.0283203125,,,10.871473922902494,538.330078125,10.126984126984127,366.064453125,30.580952380952382,2788.5498046875,22.477551020408164,75.3662109375,100.0322902494331,86.1328125
35.58004535147392,839.794921875,,,10.965804988662132,710.595703125,10.220226757369614,409.130859375,30.838458049886622,279.931640625,22.570430839002267,75.3662109375,101.34022675736962,990.52734375
35.67727891156463,1356.591796875,,,11.058775510204082,721.3623046875,10.312562358276644,344.53125,30.931337868480725,279.931640625,23.0346485260771,53.8330078125,104.42657596371882,3520.6787109375
35.95138321995465,818.26171875,,,11.151655328798187,721.3623046875,10.405532879818594,355.2978515625,31.955374149659864,559.86328125,23.314285714285713,172.265625,106.53315192743764,0.0
36.137142857142855,818.26171875,,,11.246893424036282,1001.2939453125,10.49705215419501,193.798828125,33.53170068027211,247.6318359375,23.40671201814059,118.4326171875,110.07092970521542,990.52734375
36.69015873015873,312.2314453125,,,11.335600907029479,506.0302734375,10.58984126984127,183.0322265625,35.021043083900224,635.2294921875,23.685351473922903,118.4326171875,113.1318820861678,506.0302734375
36.96852607709751,279.931640625,,,11.339773242630386,1001.2939453125,10.682721088435374,183.0322265625,35.944489795918365,0.0,23.872562358276642,290.6982421875,114.15256235827664,387.59765625
37.43582766439909,624.462890625,,,11.429297052154196,602.9296875,10.775600907029478,183.0322265625,36.03972789115646,279.931640625,24.4281179138322,86.1328125,115.26448979591837,75.3662109375
38.269115646258506,312.2314453125,,,11.43265306122449,1001.2939453125,10.86984126984127,344.53125,36.41133786848073,290.6982421875,24.520997732426302,86.1328125,117.40072562358277,75.3662109375
38.639818594104305,215.33203125,,,11.5221768707483,602.9296875,10.962721088435375,344.53125,36.783038548752835,312.2314453125,25.82140589569161,96.8994140625,119.63002267573697,96.8994140625
38.73260770975057,204.5654296875,,,11.618956916099773,1065.8935546875,11.05560090702948,344.53125,36.96671201814059,64.599609375,25.914285714285715,96.8994140625,123.99510204081632,64.599609375
38.917369614512474,86.1328125,,,11.711292517006802,1001.2939453125,11.983038548752834,183.0322265625,37.15310657596372,139.9658203125,26.93578231292517,75.3662109375,128.36072562358277,96.8994140625
39.56852607709751,204.5654296875,,,11.806984126984126,1335.05859375,12.634013605442178,279.931640625,37.1546485260771,322.998046875,27.12154195011338,75.3662109375,132.72607709750568,96.8994140625
39.753015873015876,53.8330078125,,,11.812970521541951,2045.654296875,12.912290249433106,236.865234375,37.52580498866213,279.931640625,28.423854875283446,312.2314453125,132.81913832199547,118.4326171875
40.031836734693876,75.3662109375,,,11.905850340136054,2045.654296875,13.190113378684806,139.9658203125,37.802086167800454,0.0,30.09496598639456,226.0986328125,132.91192743764174,107.666015625
40.12526077097505,139.9658203125,,,11.992834467120181,1345.8251953125,13.283537414965986,204.5654296875,37.89705215419501,247.6318359375,30.83655328798186,53.8330078125,133.09759637188208,96.8994140625
40.403990929705216,150.732421875,,,12.081904761904761,893.6279296875,13.563356009070295,344.53125,38.268843537414966,279.931640625,31.3015873015873,129.19921875,133.19038548752835,86.1328125
40.59854875283447,1195.0927734375,,,12.174875283446712,904.39453125,13.6562358276644,344.53125,39.01215419501134,312.2314453125,31.394467120181407,129.19921875,133.2833560090703,96.8994140625
40.68326530612245,226.0986328125,,,12.269024943310658,1055.126953125,13.752108843537416,699.8291015625,39.1956462585034,43.06640625,31.48734693877551,129.19921875,133.37614512471654,86.1328125
40.869297052154195,258.3984375,,,12.357460317460317,527.5634765625,13.934965986394557,355.2978515625,39.29079365079365,312.2314453125,32.97424036281179,226.0986328125,133.4691156462585,96.8994140625
40.9621768707483,258.3984375,,,12.467120181405896,2519.384765625,14.770884353741497,355.2978515625,39.66231292517007,312.2314453125,33.447256235827666,1248.92578125,133.56507936507936,462.9638671875
41.6107029478458,64.599609375,,,12.546303854875283,893.6279296875,14.863673469387756,344.53125,39.75519274376417,312.2314453125,33.718004535147394,312.2314453125,133.6548752834467,96.8994140625
43.76117913832199,1754.9560546875,,,12.730612244897959,721.3623046875,15.142403628117913,355.2978515625,40.03337868480725,258.3984375,33.901768707482994,75.3662109375,133.74766439909297,86.1328125
45.14485260770975,624.462890625,,,12.820408163265306,355.2978515625,15.234467120181407,258.3984375,40.405351473922906,312.2314453125,35.01614512471655,53.8330078125,133.84054421768707,86.1328125
45.607891156462586,462.9638671875,,,12.9156462585034,635.2294921875,16.06920634920635,118.4326171875,40.498231292517005,312.2314453125,35.3881179138322,107.666015625,133.93351473922903,96.8994140625
47.003083900226756,699.8291015625,,,13.008616780045351,645.99609375,16.163990929705214,344.53125,40.58848072562358,0.0,35.57396825396825,118.4326171875,134.0263038548753,86.1328125
49.50557823129252,75.3662109375,,,13.194557823129252,667.529296875,16.25687074829932,344.53125,40.77596371882086,204.5654296875,36.595736961451244,129.19921875,134.1191836734694,86.1328125
49.78530612244898,204.5654296875,,,13.299138321995464,2056.4208984375,16.259863945578232,699.8291015625,41.148390022675734,312.2314453125,37.33850340136055,96.8994140625,134.21215419501135,96.8994140625
49.87827664399093,215.33203125,,,13.379773242630385,602.9296875,16.349206349206348,279.931640625,41.24126984126984,312.2314453125,37.43138321995465,96.8994140625,134.3049433106576,86.1328125
50.16045351473923,635.2294921875,,,13.476009070294785,1001.2939453125,16.442086167800454,279.931640625,42.16743764172335,0.0,37.52426303854875,96.8994140625,134.3978231292517,86.1328125
51.27437641723356,559.86328125,,,13.568888888888889,1001.2939453125,16.534965986394557,279.931640625,42.26249433106576,258.3984375,37.89578231292517,96.8994140625,134.49079365079365,96.8994140625
51.45895691609977,419.8974609375,,,13.66095238095238,904.39453125,17.09124716553288,161.4990234375,42.634195011337866,279.931640625,38.08145124716553,86.1328125,134.58358276643992,86.1328125
52.0150566893424,279.931640625,,,13.75374149659864,893.6279296875,17.09206349206349,258.3984375,43.00453514739229,139.9658203125,38.26712018140589,75.3662109375,134.67655328798185,96.8994140625
52.66585034013605,355.2978515625,,,13.846621315192744,893.6279296875,17.742403628117913,279.931640625,43.3772335600907,279.931640625,38.36063492063492,150.732421875,134.76943310657597,96.8994140625
53.873832199546484,419.8974609375,,,13.939501133786848,893.6279296875,18.116916099773242,635.2294921875,43.65560090702948,247.6318359375,38.73151927437642,75.3662109375,134.86231292517007,96.8994140625
56.75419501133787,549.0966796875,,,14.032380952380953,893.6279296875,18.485079365079365,236.865234375,43.74848072562358,247.6318359375,38.917097505668934,53.8330078125,134.9551020408163,86.1328125
57.03174603174603,419.8974609375,,,14.125260770975057,893.6279296875,18.580589569161,549.0966796875,44.39691609977324,43.06640625,39.10285714285714,53.8330078125,135.04816326530613,107.666015625
58.05342403628118,419.8974609375,,,14.218140589569161,893.6279296875,18.682902494331067,1668.8232421875,44.491791383219955,279.931640625,39.28961451247166,172.265625,135.14104308390023,107.666015625
59.35256235827664,279.931640625,,,14.311111111111112,904.39453125,21.45605442176871,96.8994140625,44.770702947845805,312.2314453125,39.38249433106576,172.265625,135.2340136054422,118.4326171875
59.91102040816327,419.8974609375,,,14.403990929705216,904.39453125,21.54893424036281,96.8994140625,44.86358276643991,312.2314453125,39.475374149659864,172.265625,135.3267120181406,96.8994140625
60.09469387755102,172.265625,,,14.496870748299319,904.39453125,22.105759637188207,43.06640625,45.13995464852608,43.06640625,39.56780045351474,118.4326171875,135.4195918367347,96.8994140625
60.18657596371882,53.8330078125,,,14.589750566893423,904.39453125,22.755555555555556,0.0,45.23455782312925,247.6318359375,39.75501133786848,290.6982421875,135.4204081632653,193.798828125
60.46530612244898,64.599609375,,,14.682630385487528,904.39453125,23.592380952380953,107.666015625,45.60662131519275,312.2314453125,41.05396825396826,129.19921875,135.5124716553288,96.8994140625
61.02421768707483,258.3984375,,,14.775419501133786,893.6279296875,23.685260770975056,107.666015625,46.349115646258504,247.6318359375,41.333333333333336,215.33203125,135.6053514739229,96.8994140625
61.302675736961454,236.865234375,,,14.868390022675737,904.39453125,23.96517006802721,258.3984375,46.99927437641723,247.6318359375,41.425215419501136,96.8994140625,135.70068027210885,387.59765625
61.76952380952381,527.5634765625,,,14.961179138321995,893.6279296875,24.056780045351474,107.666015625,47.09269841269841,312.2314453125,41.518095238095235,96.8994140625,135.88399092970522,96.8994140625
62.41596371882086,86.1328125,,,15.055510204081633,1065.8935546875,24.14965986394558,107.666015625,48.021133786848075,269.1650390625,41.61097505668934,96.8994140625,135.97687074829932,96.8994140625
62.60154195011338,64.599609375,,,15.148390022675738,1065.8935546875,24.242539682539682,107.666015625,48.20662131519274,236.865234375,41.89043083900227,193.798828125,136.0696598639456,86.1328125
62.694421768707485,64.599609375,,,15.162902494331066,2788.5498046875,26.579138321995465,1841.0888671875,48.485623582766436,279.931640625,42.07600907029479,172.265625,136.16263038548752,96.8994140625
63.53777777777778,947.4609375,,,15.24126984126984,1065.8935546875,26.75002267573696,75.3662109375,48.57850340136054,279.931640625,42.72517006802721,53.8330078125,136.25551020408165,96.8994140625
63.906666666666666,635.2294921875,,,15.25578231292517,2788.5498046875,27.86984126984127,699.8291015625,48.85596371882086,139.9658203125,42.81814058956916,64.599609375,136.3482993197279,86.1328125
64.08888888888889,215.33203125,,,15.334149659863945,1065.8935546875,29.913197278911564,699.8291015625,49.22866213151927,279.931640625,42.91111111111111,75.3662109375,136.44117913832198,86.1328125
64.36743764172336,204.5654296875,,,15.348662131519275,2788.5498046875,30.096961451247164,462.9638671875,49.508390022675734,409.130859375,43.09668934240363,53.8330078125,136.53414965986394,96.8994140625
64.46031746031746,204.5654296875,,,15.42702947845805,1065.8935546875,30.652607709750566,269.1650390625,49.97170068027211,279.931640625,43.376507936507934,193.798828125,136.6269387755102,86.1328125
64.55219954648526,86.1328125,,,15.519727891156462,1044.3603515625,30.83800453514739,226.0986328125,50.71501133786848,312.2314453125,43.46938775510204,193.798828125,136.7198185941043,86.1328125
64.6453514739229,118.4326171875,,,15.612607709750566,1044.3603515625,31.3027664399093,269.1650390625,50.89850340136054,43.06640625,43.74721088435374,96.8994140625,136.81278911564627,96.8994140625
64.83074829931972,75.3662109375,,,15.704308390022677,904.39453125,31.579954648526076,96.8994140625,50.993650793650794,312.2314453125,43.84009070294785,96.8994140625,136.90566893424037,96.8994140625
64.9243537414966,161.4990234375,,,15.79718820861678,904.39453125,32.41541950113378,43.06640625,51.45804988662132,312.2314453125,43.93297052154195,96.8994140625,136.99854875283447,96.8994140625
65.11673469387755,947.4609375,,,15.888072562358277,667.529296875,32.50829931972789,43.06640625,52.57297052154195,355.2978515625,44.02585034013605,96.8994140625,137.09142857142857,96.8994140625
65.76108843537415,258.3984375,,,15.899229024943311,1991.8212890625,32.601179138321996,43.06640625,53.599546485260774,936.6943359375,44.11873015873016,96.8994140625,137.27727891156462,107.666015625
66.22521541950114,226.0986328125,,,15.980952380952381,667.529296875,33.43709750566894,43.06640625,53.87265306122449,279.931640625,44.30512471655329,172.265625,137.37024943310658,118.4326171875
66.31791383219955,204.5654296875,,,15.982947845804988,904.39453125,35.10902494331066,53.8330078125,55.08009070294784,279.931640625,44.768798185941044,86.1328125,137.462947845805,96.8994140625
66.96689342403629,64.599609375,,,16.072743764172337,538.330078125,36.13079365079365,64.599609375,55.17297052154195,279.931640625,47.27628117913832,53.8330078125,137.55573696145126,86.1328125
68.08616780045351,624.462890625,,,16.07718820861678,1065.8935546875,36.50240362811791,75.3662109375,55.45160997732426,279.931640625,47.46213151927438,64.599609375,137.6487074829932,96.8994140625
68.17678004535148,355.2978515625,,,16.16861678004535,893.6279296875,37.33768707482993,0.0,55.82312925170068,279.931640625,48.76272108843538,96.8994140625,137.7415873015873,96.8994140625
68.26956916099773,344.53125,,,16.261496598639457,893.6279296875,37.70956916099773,43.06640625,56.4712925170068,43.06640625,48.85705215419501,269.1650390625,137.92979591836735,387.59765625
68.91727891156462,53.8330078125,,,16.363809523809525,2013.3544921875,42.72507936507937,43.06640625,56.56616780045351,279.931640625,50.71283446712018,53.8330078125,138.0202267573696,96.8994140625
69.10793650793651,635.2294921875,,,16.446802721088435,839.794921875,42.81759637188209,0.0,56.65904761904762,279.931640625,50.80598639455782,86.1328125,138.11301587301588,86.1328125
69.29061224489796,269.1650390625,,,16.53968253968254,839.794921875,42.910929705215416,53.8330078125,56.84526077097506,333.7646484375,51.0843537414966,53.8330078125,138.2059863945578,96.8994140625
70.22303854875284,699.8291015625,,,16.541315192743763,1033.59375,43.746757369614514,43.06640625,56.93732426303855,236.865234375,51.45641723356009,118.4326171875,138.29886621315194,96.8994140625
70.40689342403628,473.73046875,,,16.632562358276644,839.794921875,44.304580498866216,107.666015625,57.03011337868481,226.0986328125,51.6421768707483,118.4326171875,138.39165532879818,86.1328125
70.49768707482993,226.0986328125,,,16.632743764172336,861.328125,51.92208616780045,269.1650390625,57.12299319727891,226.0986328125,52.4778231292517,86.1328125,138.48453514739228,86.1328125
70.58938775510204,86.1328125,,,16.725532879818594,850.5615234375,53.03736961451247,355.2978515625,57.30875283446712,226.0986328125,53.4075283446712,193.798828125,138.57750566893424,96.8994140625
70.77913832199546,559.86328125,,,16.81877551020408,893.6279296875,54.89233560090703,43.06640625,57.40163265306123,226.0986328125,59.63074829931973,226.0986328125,138.6702947845805,86.1328125
71.52190476190476,527.5634765625,,,16.828208616780046,2013.3544921875,56.28807256235827,344.53125,57.49487528344671,269.1650390625,61.0227664399093,86.1328125,138.7631746031746,86.1328125
71.98984126984126,947.4609375,,,16.91265306122449,1012.060546875,56.564353741496596,64.599609375,57.587755102040816,269.1650390625,62.32426303854875,226.0986328125,138.85614512471656,96.8994140625
72.35691609977324,419.8974609375,,,17.001269841269842,506.0302734375,57.95700680272109,0.0,57.68063492063492,269.1650390625,64.1815873015873,193.798828125,139.04190476190476,96.8994140625
72.44798185941043,204.5654296875,,,17.096961451247164,839.794921875,59.62984126984127,118.4326171875,57.77342403628118,258.3984375,64.46004535147392,172.265625,139.22766439909296,96.8994140625
72.54095238095238,215.33203125,,,17.189750566893423,829.0283203125,60.28,118.4326171875,57.86621315192744,247.6318359375,64.55292517006802,172.265625,139.32045351473923,86.1328125
72.81950113378684,204.5654296875,,,17.376145124716555,904.39453125,63.43691609977324,0.0,58.051700680272106,215.33203125,65.85278911564626,118.4326171875,139.41351473922902,107.666015625
73.09741496598639,118.4326171875,,,17.4702947845805,1055.126953125,65.2019954648526,43.06640625,58.142766439909295,0.0,66.50285714285714,107.666015625,139.69206349206348,96.8994140625
74.40145124716554,559.86328125,,,17.479274376417234,2121.0205078125,65.38820861678005,96.8994140625,58.237641723356006,236.865234375,69.84816326530613,301.46484375,139.8778231292517,96.8994140625
74.49160997732426,236.865234375,,,17.577052154195012,2702.4169921875,65.38829931972789,107.666015625,58.33043083900227,226.0986328125,71.14639455782313,53.8330078125,139.9707029478458,96.8994140625
75.51301587301587,204.5654296875,,,17.6562358276644,1076.66015625,66.0380045351474,53.8330078125,58.42321995464852,215.33203125,71.33251700680272,96.8994140625,140.06603174603174,387.59765625
76.16671201814059,624.462890625,,,17.665124716553287,2131.787109375,66.50222222222222,32.2998046875,58.516190476190474,226.0986328125,71.42539682539683,96.8994140625,140.2493424036281,96.8994140625
76.26013605442176,689.0625,,,17.749115646258502,1076.66015625,66.59573696145125,107.666015625,58.61097505668934,452.197265625,71.61278911564627,290.6982421875,140.34222222222223,96.8994140625
78.01968253968253,75.3662109375,,,17.758095238095237,2142.5537109375,66.68861678004535,107.666015625,58.70204081632653,236.865234375,71.79691609977324,96.8994140625,140.43501133786847,86.1328125
78.67147392290249,269.1650390625,,,17.840544217687075,904.39453125,67.71138321995466,236.865234375,58.704036281179135,473.73046875,72.35419501133786,96.8994140625,140.52798185941043,96.8994140625
78.78911564625851,3208.447265625,,,17.850884353741495,2131.787109375,70.49678004535147,118.4326171875,62.78902494331066,269.1650390625,72.44707482993198,96.8994140625,140.62086167800453,96.8994140625
79.13659863945578,355.2978515625,,,17.931428571428572,667.529296875,70.77487528344672,53.8330078125,63.43909297052154,258.3984375,73.00426303854876,86.1328125,140.71374149659863,96.8994140625
79.2292970521542,333.7646484375,,,18.024308390022675,667.529296875,70.86775510204082,53.8330078125,65.66839002267574,279.931640625,73.37650793650793,172.265625,140.89904761904762,43.06640625
79.59854875283446,64.599609375,,,18.119092970521542,893.6279296875,71.70548752834468,269.1650390625,66.13315192743764,322.998046875,73.46938775510205,172.265625,141.36390022675738,96.8994140625
80.34693877551021,699.8291015625,,,18.211972789115645,893.6279296875,72.63283446712018,96.8994140625,66.41024943310657,139.9658203125,73.7494784580499,344.53125,141.45678004535148,96.8994140625
80.43981859410431,699.8291015625,,,18.30485260770975,893.6279296875,73.00426303854876,86.1328125,69.75555555555556,333.7646484375,74.1209977324263,344.53125,141.54975056689344,107.666015625
80.53269841269841,699.8291015625,,,18.397732426303854,893.6279296875,73.0972335600907,96.8994140625,70.59102040816326,279.931640625,74.39736961451247,75.3662109375,141.8282993197279,96.8994140625
80.90004535147392,204.5654296875,,,18.40716553287982,2013.3544921875,73.6540589569161,43.06640625,70.68380952380953,269.1650390625,74.67628117913833,107.666015625,142.1069387755102,96.8994140625
81.08580498866213,204.5654296875,,,18.49061224489796,893.6279296875,73.7469387755102,43.06640625,70.77614512471655,204.5654296875,74.9544671201814,53.8330078125,142.29514739229026,387.59765625
81.45913832199547,419.8974609375,,,18.59292517006803,2013.3544921875,73.93306122448979,86.1328125,70.86902494331066,204.5654296875,75.4192290249433,96.8994140625,142.38557823129253,96.8994140625
82.19936507936508,86.1328125,,,18.674467120181404,667.529296875,76.06893424036281,43.06640625,71.05478458049886,204.5654296875,75.79074829931973,96.8994140625,142.47836734693877,86.1328125
82.5718820861678,204.5654296875,,,18.863219954648525,1022.8271484375,76.26004535147392,678.2958984375,71.05569160997733,312.2314453125,76.34802721088435,96.8994140625,142.57124716553287,86.1328125
82.94367346938776,236.865234375,,,18.95501133786848,893.6279296875,76.99954648526077,258.3984375,71.14857142857143,312.2314453125,76.44090702947845,96.8994140625,142.66421768707482,96.8994140625
83.59383219954648,236.865234375,,,19.04798185941043,904.39453125,77.64816326530612,75.3662109375,71.24145124716553,312.2314453125,76.81242630385488,96.8994140625,142.7570068027211,86.1328125
83.77832199546485,86.1328125,,,19.142131519274376,1055.126953125,78.1124716553288,64.599609375,71.33433106575964,312.2314453125,77.64798185941044,53.8330078125,142.8498866213152,86.1328125
85.82267573696146,204.5654296875,,,19.15673469387755,2788.5498046875,78.20544217687075,75.3662109375,71.42721088435374,312.2314453125,78.20544217687075,75.3662109375,142.94285714285715,96.8994140625
86.56689342403628,344.53125,,,19.23374149659864,904.39453125,78.85560090702948,75.3662109375,71.51981859410431,279.931640625,78.29814058956916,53.8330078125,143.0356462585034,86.1328125
87.03365079365079,624.462890625,,,19.249614512471656,2788.5498046875,83.31392290249433,86.1328125,71.6120634920635,204.5654296875,78.3934693877551,344.53125,143.12852607709752,86.1328125
87.40253968253968,312.2314453125,,,19.32780045351474,1044.3603515625,83.40689342403628,96.8994140625,71.6126984126984,279.931640625,78.57777777777778,172.265625,143.22149659863945,96.8994140625
87.68208616780045,419.8974609375,,,19.33687074829932,2121.0205078125,83.96371882086167,43.06640625,71.7978231292517,204.5654296875,78.67065759637188,172.265625,143.31437641723355,96.8994140625
89.72589569160998,473.73046875,,,19.41950113378685,904.39453125,84.05659863945579,43.06640625,71.79873015873015,312.2314453125,78.76253968253968,53.8330078125,143.40725623582767,96.8994140625
90.83990929705216,409.130859375,,,19.43473922902494,2713.18359375,87.95782312925171,75.3662109375,71.89070294784581,204.5654296875,79.1342403628118,75.3662109375,143.50013605442177,96.8994140625
91.86167800453515,419.8974609375,,,19.51238095238095,904.39453125,88.51510204081633,75.3662109375,71.89160997732426,312.2314453125,79.50757369614513,290.6982421875,143.50095238095238,193.798828125
92.04562358276644,204.5654296875,,,19.60326530612245,667.529296875,88.97886621315193,0.0,72.01859410430839,4360.4736328125,80.34185941043084,96.8994140625,143.59301587301587,96.8994140625
92.1385941043084,215.33203125,,,19.699410430839002,1055.126953125,91.6778231292517,645.99609375,72.17233560090703,559.86328125,80.52843537414967,193.798828125,143.68580498866214,86.1328125
92.42077097505668,635.2294921875,,,19.79092970521542,893.6279296875,91.77106575963718,689.0625,72.45179138321996,656.7626953125,80.62131519274377,193.798828125,143.77886621315193,107.666015625
93.06793650793651,279.931640625,,,19.883809523809525,893.6279296875,91.95646258503402,645.99609375,72.54204081632653,344.53125,81.1774149659864,53.8330078125,143.96462585034013,107.666015625
93.44063492063492,419.8974609375,,,19.976145124716552,829.0283203125,92.04970521541951,689.0625,72.63201814058957,0.0,81.36417233560091,172.265625,144.0574149659864,96.8994140625
94.64798185941044,409.130859375,,,20.069115646258503,839.794921875,92.41768707482993,269.1650390625,72.72770975056689,333.7646484375,81.45705215419501,172.265625,144.1502947845805,96.8994140625
94.7404081632653,355.2978515625,,,20.07065759637188,1022.8271484375,92.60308390022676,226.0986328125,74.12045351473922,279.931640625,81.82902494331066,226.0986328125,144.2431746031746,96.8994140625
94.92616780045351,355.2978515625,,,20.16199546485261,839.794921875,92.9726984126984,0.0,74.21333333333334,279.931640625,81.92190476190476,226.0986328125,144.33596371882086,86.1328125
95.66975056689343,419.8974609375,,,20.25487528344671,839.794921875,94.27337868480726,43.06640625,74.40507936507936,990.52734375,82.01478458049887,226.0986328125,144.52426303854875,387.59765625
95.85551020408164,419.8974609375,,,20.34766439909297,829.0283203125,94.36625850340135,43.06640625,74.49795918367347,990.52734375,82.29197278911565,53.8330078125,144.61469387755102,96.8994140625
99.01451247165532,549.0966796875,,,20.351927437641724,1335.05859375,94.83065759637188,43.06640625,75.88743764172335,549.0966796875,82.48018140589569,344.53125,144.70757369614512,96.8994140625
99.29206349206349,419.8974609375,,,20.44063492063492,839.794921875,95.2021768707483,43.06640625,75.98031746031747,549.0966796875,82.57160997732426,172.265625,144.8003628117914,86.1328125
100.3154648526077,624.462890625,,,20.530068027210884,430.6640625,95.66702947845805,96.8994140625,77.0928798185941,312.2314453125,82.66448979591837,172.265625,144.89333333333335,96.8994140625
101.79691609977324,75.3662109375,,,20.62639455782313,839.794921875,96.31727891156463,107.666015625,77.46412698412698,279.931640625,83.7784126984127,96.8994140625,144.98621315192744,96.8994140625
101.89387755102041,559.86328125,,,20.636553287981858,2045.654296875,98.26748299319728,75.3662109375,78.8595918367347,549.0966796875,84.14956916099773,53.8330078125,145.07909297052154,96.8994140625
102.44816326530612,204.5654296875,,,20.71909297052154,818.26171875,98.36036281179139,75.3662109375,79.04281179138322,247.6318359375,84.24226757369614,32.2998046875,145.1718820861678,86.1328125
103.1924716553288,355.2978515625,,,20.71954648526077,872.0947265625,99.4746485260771,43.06640625,80.24843537414966,32.2998046875,84.33569160997732,96.8994140625,145.26485260770974,96.8994140625
103.37814058956916,344.53125,,,20.812698412698413,904.39453125,100.31056689342404,43.06640625,80.34331065759638,269.1650390625,84.42857142857143,96.8994140625,145.357641723356,86.1328125
103.47102040816327,344.53125,,,20.906757369614514,1044.3603515625,103.37523809523809,0.0,81.73895691609977,559.86328125,84.61514739229025,193.798828125,145.4505215419501,86.1328125
104.03065759637188,624.462890625,,,20.999727891156464,1055.126953125,104.21151927437641,43.06640625,82.9437641723356,247.6318359375,84.89297052154195,96.8994140625,145.5434013605442,86.1328125
106.2574149659864,344.53125,,,21.092517006802723,1044.3603515625,104.58303854875284,43.06640625,83.31528344671202,247.6318359375,84.98575963718821,86.1328125,145.63637188208617,96.8994140625
108.7667120181406,527.5634765625,,,21.18421768707483,904.39453125,104.67591836734694,43.06640625,84.43328798185941,656.7626953125,85.17142857142858,75.3662109375,145.72925170068027,96.8994140625
108.85696145124716,215.33203125,,,21.275102040816325,667.529296875,107.2766439909297,53.8330078125,84.61387755102041,43.06640625,85.26612244897959,290.6982421875,145.82213151927436,96.8994140625
108.94975056689343,204.5654296875,,,21.37142857142857,1076.66015625,108.48426303854875,75.3662109375,84.70848072562359,247.6318359375,85.8215873015873,75.3662109375,146.10086167800455,107.666015625
109.32489795918367,635.2294921875,,,21.46267573696145,882.861328125,109.69142857142857,43.06640625,84.80489795918368,667.529296875,86.00734693877551,75.3662109375,146.1936507936508,96.8994140625
110.06721088435374,549.0966796875,,,21.5556462585034,893.6279296875,109.78430839002267,43.06640625,85.91609977324264,269.1650390625,86.37886621315192,75.3662109375,146.37941043083902,96.8994140625
110.34585034013605,549.0966796875,,,21.64861678004535,904.39453125,109.87718820861679,43.06640625,86.12172335600907,2627.05078125,86.47174603174604,75.3662109375,146.47229024943312,96.8994140625
110.62340136054422,419.8974609375,,,21.74140589569161,893.6279296875,109.97034013605442,75.3662109375,87.6831746031746,549.0966796875,86.6584126984127,183.0322265625,146.65886621315192,193.798828125
111.64453514739229,355.2978515625,,,21.834285714285713,893.6279296875,110.62013605442176,32.2998046875,89.07383219954649,247.6318359375,86.75138321995465,193.798828125,146.7509297052154,96.8994140625
111.8302947845805,355.2978515625,,,21.925260770975058,667.529296875,111.92063492063492,53.8330078125,89.16689342403627,269.1650390625,86.84426303854875,193.798828125,146.84371882086168,86.1328125
111.92371882086168,419.8974609375,,,22.108208616780047,333.7646484375,112.85242630385487,409.130859375,89.53877551020408,312.2314453125,86.93714285714286,193.798828125,146.93668934240364,96.8994140625
112.48090702947846,409.130859375,,,22.215238095238096,2013.3544921875,113.13233560090703,559.86328125,91.67510204081633,322.998046875,87.03002267573696,193.798828125,147.02956916099774,96.8994140625
112.5738775510204,419.8974609375,,,22.393560090702948,1130.4931640625,113.3180045351474,549.0966796875,91.7698866213152,549.0966796875,87.12290249433107,193.798828125,147.12235827664398,86.1328125
112.66675736961452,419.8974609375,,,22.423038548752835,4629.638671875,113.50503401360544,699.8291015625,92.16027210884354,2788.5498046875,87.86585034013605,183.0322265625,147.2152380952381,86.1328125
112.75963718820861,419.8974609375,,,22.49641723356009,2314.8193359375,113.59791383219955,699.8291015625,92.32489795918367,279.931640625,87.958820861678,193.798828125,147.30820861678004,96.8994140625
112.94585034013605,473.73046875,,,22.585578231292516,1873.388671875,113.96943310657596,699.8291015625,92.41777777777777,279.931640625,88.0517006802721,193.798828125,147.4009977324263,86.1328125
115.91863945578231,549.0966796875,,,22.678458049886622,1873.388671875,114.33714285714285,247.6318359375,92.51065759637189,279.931640625,88.42231292517006,86.1328125,147.4938775510204,86.1328125
116.19619047619048,419.8974609375,,,22.779410430839004,2831.6162109375,114.61560090702947,226.0986328125,93.53469387755102,559.86328125,88.60807256235827,86.1328125,147.58684807256236,96.8994140625
116.38938775510204,1302.7587890625,,,22.86784580498866,2304.052734375,114.80607709750566,785.9619140625,96.50775510204082,667.529296875,88.70095238095239,86.1328125,147.67972789115646,96.8994140625
117.02938775510204,96.8994140625,,,22.960997732426303,2336.3525390625,115.45433106575963,559.86328125,97.61904761904762,279.931640625,88.79383219954649,86.1328125,147.77260770975056,96.8994140625
118.51700680272108,279.931640625,,,23.041814058956916,904.39453125,115.55410430839002,1378.125,98.17632653061224,279.931640625,88.9795918367347,86.1328125,147.86548752834466,96.8994140625
119.81832199546486,398.3642578125,,,23.13469387755102,904.39453125,115.64009070294784,559.86328125,98.26920634920634,279.931640625,89.0724716553288,86.1328125,147.86630385487527,193.798828125
119.91138321995464,419.8974609375,,,23.144489795918368,2067.1875,115.64707482993197,1388.8916015625,98.36181405895691,247.6318359375,89.1653514739229,86.1328125,147.9583673469388,96.8994140625
120.28281179138322,409.130859375,,,23.22902494331066,1076.66015625,115.73297052154194,559.86328125,99.10485260770974,247.6318359375,89.35120181405895,96.8994140625,148.05115646258503,86.1328125
120.37569160997732,409.130859375,,,23.321179138321995,990.52734375,115.8259410430839,570.6298828125,99.29151927437641,355.2978515625,89.44408163265307,96.8994140625,148.14421768707484,107.666015625
120.56154195011338,419.8974609375,,,23.599455782312926,947.4609375,115.918820861678,570.6298828125,100.49804988662132,247.6318359375,89.53696145124717,96.8994140625,148.32997732426304,107.666015625
120.65451247165532,430.6640625,,,23.69233560090703,947.4609375,117.58775510204082,226.0986328125,100.78086167800454,742.8955078125,89.62984126984126,96.8994140625,148.4227664399093,96.8994140625
120.84009070294785,409.130859375,,,23.78530612244898,958.2275390625,117.9590022675737,193.798828125,100.86938775510204,226.0986328125,89.81587301587301,129.19921875,148.6085260770975,96.8994140625
120.93297052154195,409.130859375,,,23.893786848072562,2810.0830078125,118.14485260770975,204.5654296875,101.24199546485261,355.2978515625,89.90884353741497,139.9658203125,148.98004535147393,96.8994140625
121.11873015873016,409.130859375,,,23.970702947845805,915.1611328125,118.42349206349206,204.5654296875,102.35619047619048,312.2314453125,90.00136054421769,96.8994140625,149.07292517006803,96.8994140625
122.32353741496598,96.8994140625,,,24.06358276643991,915.1611328125,119.26294784580499,624.462890625,103.66222222222223,990.52734375,90.00172335600907,139.9658203125,149.16571428571427,86.1328125
122.70122448979592,829.0283203125,,,24.156281179138322,893.6279296875,119.6312925170068,247.6318359375,103.93478458049887,269.1650390625,90.09487528344671,172.265625,149.25868480725623,96.8994140625
122.88063492063492,75.3662109375,,,24.25387755102041,1453.4912109375,119.81687074829932,226.0986328125,104.02775510204081,279.931640625,90.18775510204081,172.265625,149.35156462585033,96.8994140625
123.06975056689342,473.73046875,,,24.26612244897959,2906.982421875,119.91229024943311,527.5634765625,104.12063492063493,279.931640625,91.02267573696145,53.8330078125,149.4443537414966,86.1328125
123.5318820861678,204.5654296875,,,24.34294784580499,1001.2939453125,120.00517006802721,527.5634765625,104.21578231292517,549.0966796875,91.20870748299319,86.1328125,149.81587301587302,86.1328125
123.62403628117914,118.4326171875,,,24.35138321995465,2002.587890625,120.01396825396826,1571.923828125,104.30458049886622,64.599609375,91.48761904761905,118.4326171875,149.90857142857143,64.599609375
123.71764172335601,204.5654296875,,,24.44798185941043,2444.0185546875,120.56734693877551,1108.9599609375,105.14231292517007,279.931640625,91.8595918367347,172.265625,150.00172335600908,96.8994140625
123.9978231292517,387.59765625,,,24.533333333333335,1550.390625,120.65560090702948,559.86328125,105.69968253968254,290.6982421875,92.0455328798186,193.798828125,150.83718820861677,43.06640625
124.09079365079366,398.3642578125,,,24.546485260770975,3111.5478515625,120.74848072562358,559.86328125,106.34947845804989,247.6318359375,92.69514739229025,129.19921875,151.3019501133787,86.1328125
124.18367346938776,398.3642578125,,,24.633832199546486,2454.78515625,120.75319727891157,1119.7265625,106.4421768707483,226.0986328125,93.15954648526078,129.19921875,152.04498866213152,86.1328125
124.36952380952381,409.130859375,,,24.73732426303855,3714.4775390625,120.84607709750567,1119.7265625,106.6281179138322,247.6318359375,93.34503401360544,96.8994140625,152.13795918367347,96.8994140625
124.45959183673469,75.3662109375,,,24.81015873015873,1335.05859375,120.93895691609977,1119.7265625,106.72090702947845,236.865234375,93.43791383219954,96.8994140625,163.37596371882086,43.06640625
124.74113378684807,419.8974609375,,,24.8324716553288,3983.642578125,121.03183673469388,1119.7265625,107.09342403628118,355.2978515625,93.53079365079365,96.8994140625,167.64888888888888,96.8994140625
124.83410430839002,430.6640625,,,24.898684807256235,818.26171875,121.3069387755102,699.8291015625,112.20145124716554,312.2314453125,93.62367346938775,96.8994140625,169.87791383219954,86.1328125
125.11256235827665,409.130859375,,,24.899319727891157,893.6279296875,121.860589569161,269.1650390625,112.48272108843537,624.462890625,93.71646258503401,86.1328125,171.18585034013606,990.52734375
125.29832199546485,409.130859375,,,24.989750566893424,602.9296875,122.1392290249433,269.1650390625,112.57251700680273,258.3984375,93.8097052154195,129.19921875,172.0142403628118,96.8994140625
125.39111111111112,398.3642578125,,,25.08263038548753,602.9296875,122.41750566893424,226.0986328125,112.94448979591837,312.2314453125,93.90267573696146,139.9658203125,173.87138321995465,43.06640625
125.48145124716554,96.8994140625,,,25.177142857142858,796.728515625,122.6964172335601,258.3984375,113.03736961451247,312.2314453125,93.99519274376418,96.8994140625,174.17931972789117,3520.6787109375
125.66993197278912,419.8974609375,,,25.182222222222222,1399.658203125,123.62539682539682,279.931640625,113.78031746031746,301.46484375,94.0887074829932,172.265625,174.27219954648527,3520.6787109375
126.13541950113378,549.0966796875,,,25.456145124716553,839.794921875,123.99528344671202,86.1328125,116.65968253968254,312.2314453125,94.1815873015873,172.265625,176.3787755102041,0.0
126.31700680272108,53.8330078125,,,25.54902494331066,839.794921875,125.85297052154195,96.8994140625,118.33097505668934,247.6318359375,95.1101133786848,139.9658203125,178.60861678004534,86.1328125
126.97360544217688,818.26171875,,,25.641814058956918,829.0283203125,125.94585034013605,96.8994140625,118.42385487528345,247.6318359375,95.20290249433107,129.19921875,179.91655328798186,990.52734375
127.15301587301587,64.599609375,,,25.745396825396824,2099.4873046875,127.43156462585034,53.8330078125,119.16698412698413,258.3984375,96.40997732426304,86.1328125,182.60208616780045,43.06640625
127.25269841269841,872.0947265625,,,25.82748299319728,818.26171875,127.52399092970522,0.0,119.53950113378684,376.8310546875,96.50285714285714,86.1328125,182.91002267573697,3520.6787109375
127.34222222222222,473.73046875,,,25.920544217687073,839.794921875,128.1750566893424,107.666015625,121.0247619047619,279.931640625,96.8758276643991,258.3984375,183.00290249433107,3520.6787109375
127.43410430839002,355.2978515625,,,26.015510204081632,1087.4267578125,128.63909297052155,64.599609375,121.2085260770975,43.06640625,97.71283446712017,387.59765625,186.9675283446712,53.8330078125
127.61759637188209,86.1328125,,,26.134149659863947,4145.1416015625,129.56761904761905,32.2998046875,122.13814058956916,139.9658203125,99.84870748299319,344.53125,187.06031746031746,43.06640625
127.7114739229025,204.5654296875,,,26.2162358276644,2863.916015625,130.68253968253967,75.3662109375,122.5111111111111,312.2314453125,100.21922902494332,226.0986328125,187.33877551020407,21.533203125
127.8043537414966,204.5654296875,,,26.306303854875285,2530.1513671875,130.86793650793652,32.2998046875,123.90430839002268,312.2314453125,100.4041723356009,129.19921875,191.3328798185941,53.8330078125
127.98956916099773,139.9658203125,,,26.395011337868482,2034.8876953125,130.961179138322,75.3662109375,123.99718820861678,312.2314453125,101.24371882086167,559.86328125,191.42566893424035,43.06640625
128.1774149659864,387.59765625,,,26.479455782312925,1033.59375,131.0540589569161,75.3662109375,124.27628117913832,366.064453125,101.51845804988662,96.8994140625,193.37659863945578,96.8994140625
128.2702947845805,387.59765625,,,26.572335600907028,1033.59375,131.05578231292517,279.931640625,124.64734693877551,312.2314453125,101.61133786848073,96.8994140625,195.698231292517,53.8330078125
128.36344671201815,419.8974609375,,,26.580589569161,2013.3544921875,133.47274376417235,527.5634765625,125.48326530612245,312.2314453125,103.84734693877552,915.1611328125,195.79102040816326,43.06640625
128.82784580498867,419.8974609375,,,26.673922902494333,2067.1875,133.74693877551022,0.0,126.87619047619047,279.931640625,104.11936507936508,129.19921875,196.0694784580499,21.533203125
129.02485260770976,1754.9560546875,,,26.757732426303853,990.52734375,133.93786848072563,613.6962890625,127.61922902494331,279.931640625,104.3980045351474,129.19921875,197.18702947845804,376.8310546875
129.38503401360543,409.130859375,,,26.85061224489796,990.52734375,135.14013605442176,0.0,127.98956916099773,139.9658203125,105.24244897959184,1141.259765625,199.32897959183674,1055.126953125
129.76798185941044,1765.72265625,,,26.859410430839002,2034.8876953125,135.2330158730159,0.0,129.84807256235828,247.6318359375,108.859410430839,506.0302734375,199.87791383219954,64.599609375
130.40798185941043,559.86328125,,,26.940226757369615,602.9296875,135.60489795918366,43.06640625,130.5916553287982,312.2314453125,108.95238095238095,516.796875,200.0635827664399,53.8330078125
131.1536507936508,872.0947265625,,,27.125260770975057,516.796875,137.83410430839,53.8330078125,131.05605442176872,312.2314453125,109.13804988662132,506.0302734375,200.15637188208618,43.06640625
131.24607709750566,818.26171875,,,27.22113378684807,872.0947265625,138.66956916099772,0.0,131.14884353741496,301.46484375,111.36362811791383,86.1328125,202.29868480725622,764.4287109375
131.33269841269842,75.3662109375,,,27.3297052154195,2734.716796875,139.0416326530612,64.599609375,131.24172335600906,301.46484375,111.64344671201815,226.0986328125,202.38730158730158,258.3984375
131.52181405895692,473.73046875,,,27.408798185941045,1098.193359375,140.2485260770975,0.0,131.33469387755102,312.2314453125,111.92253968253968,279.931640625,202.48453514739228,775.1953125
131.8910657596372,204.5654296875,,,27.43401360544218,4091.30859375,140.63174603174602,1388.8916015625,131.61333333333334,312.2314453125,113.03655328798186,215.33203125,202.76108843537415,527.5634765625
131.9839455782313,204.5654296875,,,27.499954648526078,893.6279296875,141.64272108843537,118.4326171875,131.70612244897958,301.46484375,113.2215873015873,129.19921875,203.04027210884354,592.1630859375
132.07609977324262,118.4326171875,,,27.59292517006803,904.39453125,145.72879818594103,43.06640625,131.798820861678,279.931640625,113.49995464852607,96.8994140625,203.32154195011339,904.39453125
132.1697052154195,204.5654296875,,,27.685714285714287,893.6279296875,145.82167800453516,43.06640625,131.98485260770974,312.2314453125,113.77850340136054,86.1328125,203.40907029478458,269.1650390625
132.26149659863947,75.3662109375,,,27.780045351473923,1065.8935546875,146.7501133786848,0.0,132.07773242630387,312.2314453125,113.87174603174603,129.19921875,203.50122448979593,183.0322265625
132.44997732426305,398.3642578125,,,27.871473922902496,893.6279296875,146.8429931972789,0.0,132.17024943310656,269.1650390625,114.05723356009071,96.8994140625,204.2493424036281,785.9619140625
132.542947845805,409.130859375,,,27.9643537414966,893.6279296875,147.3082993197279,107.666015625,132.35609977324262,279.931640625,114.52244897959184,193.798828125,204.52843537414967,839.794921875
132.8215873015873,409.130859375,,,28.616145124716553,1087.4267578125,148.0508843537415,53.8330078125,132.4487074829932,247.6318359375,114.70721088435374,75.3662109375,204.62004535147392,689.0625
133.20444444444445,1754.9560546875,,,28.704943310657598,602.9296875,148.88662131519274,32.2998046875,132.54167800453516,258.3984375,117.02965986394558,129.19921875,204.7092970521542,258.3984375
134.0403628117914,1754.9560546875,,,28.7978231292517,602.9296875,149.07301587301586,107.666015625,132.6342857142857,226.0986328125,117.40072562358277,75.3662109375,204.899410430839,775.1953125
134.21424036281178,344.53125,,,28.891791383219953,732.12890625,149.72290249433107,75.3662109375,132.6393650793651,829.0283203125,117.77278911564626,139.9658203125,205.0829931972789,516.796875
134.76907029478457,53.8330078125,,,28.98467120181406,732.12890625,150.18702947845804,43.06640625,132.72761904761904,279.931640625,118.0518820861678,193.798828125,205.17541950113377,462.9638671875
135.60507936507938,64.599609375,,,29.077551020408162,732.12890625,150.2801814058957,75.3662109375,132.7322448979592,829.0283203125,118.23746031746032,172.265625,205.4592290249433,1076.66015625
135.6987755102041,161.4990234375,,,29.170430839002268,732.12890625,152.32390022675736,118.4326171875,132.82049886621314,279.931640625,119.25814058956917,53.8330078125,205.5494784580499,764.4287109375
136.06956916099773,75.3662109375,,,29.262766439909296,667.529296875,152.78766439909296,43.06640625,132.91337868480727,279.931640625,119.44453514739229,129.19921875,205.6459863945578,1195.0927734375
136.1631746031746,161.4990234375,,,29.356190476190477,732.12890625,154.36662131519273,43.06640625,133.00625850340137,279.931640625,119.5374149659864,129.19921875,205.74603174603175,2045.654296875
136.2562358276644,183.0322265625,,,29.454331065759636,1356.591796875,155.2950566893424,0.0,133.0108843537415,829.0283203125,120.18730158730159,96.8994140625,205.82702947845806,635.2294921875
136.34857142857143,118.4326171875,,,29.72517006802721,430.6640625,155.3887528344671,96.8994140625,133.09913832199547,279.931640625,120.55945578231292,172.265625,205.91619047619048,193.798828125
136.62684807256235,75.3662109375,,,29.818049886621314,430.6640625,155.4816326530612,96.8994140625,133.1914739229025,215.33203125,121.58113378684807,172.265625,206.03637188208617,3434.5458984375
136.71954648526076,53.8330078125,,,29.91482993197279,893.6279296875,156.13133786848073,43.06640625,133.2843537414966,215.33203125,122.88045351473923,53.8330078125,206.12798185941043,3283.8134765625
136.9071201814059,269.1650390625,,,30.007709750566892,893.6279296875,158.6443537414966,667.529296875,133.37814058956917,322.998046875,123.06639455782313,75.3662109375,206.29142857142858,635.2294921875
137.0,269.1650390625,,,30.100589569161,893.6279296875,160.49714285714285,96.8994140625,133.60380952380953,5060.302734375,124.08825396825397,96.8994140625,206.85061224489795,861.328125
137.09142857142857,96.8994140625,,,30.19356009070295,904.39453125,160.58984126984126,75.3662109375,133.938231292517,656.7626953125,125.20299319727891,118.4326171875,207.03283446712018,441.4306640625
137.18820861678006,559.86328125,,,30.286349206349207,893.6279296875,161.23972789115646,43.06640625,134.0282993197279,322.998046875,125.58131519274376,925.927734375,207.1277097505669,678.2958984375
137.27836734693878,236.865234375,,,30.37922902494331,893.6279296875,162.26104308390023,0.0,134.1184580498866,0.0,126.68879818594104,86.1328125,207.30938775510205,193.798828125
137.5574603174603,290.6982421875,,,30.47219954648526,904.39453125,164.4043537414966,839.794921875,135.70022675736962,333.7646484375,127.06077097505668,139.9658203125,207.40235827664398,204.5654296875
137.64861678004536,86.1328125,,,30.56498866213152,893.6279296875,164.4972335600907,839.794921875,135.98439909297053,990.52734375,127.15356009070295,129.19921875,207.49551020408163,236.865234375
137.8381859410431,538.330078125,,,30.659773242630386,1119.7265625,164.58539682539683,279.931640625,136.07727891156463,990.52734375,127.2465306122449,139.9658203125,207.8669387755102,226.0986328125
137.93133786848074,570.6298828125,,,30.75265306122449,1119.7265625,164.8669387755102,624.462890625,136.72027210884355,139.9658203125,127.61777777777777,107.666015625,208.2421768707483,667.529296875
138.0247619047619,635.2294921875,,,30.84172335600907,667.529296875,166.3481179138322,43.06640625,137.4667573696145,549.0966796875,128.73215419501133,86.1328125,208.33514739229025,678.2958984375
138.20580498866212,75.3662109375,,,31.022494331065758,75.3662109375,166.4421768707483,183.0322265625,138.57931972789115,312.2314453125,129.475283446712,96.8994140625,208.52009070294784,581.396484375
138.76299319727892,64.599609375,,,31.115374149659864,75.3662109375,166.905306122449,32.2998046875,138.67219954648527,312.2314453125,130.21895691609978,172.265625,209.0740136054422,183.0322265625
138.95219954648525,473.73046875,,,31.208253968253967,75.3662109375,167.27691609977325,43.06640625,138.95056689342402,279.931640625,130.31183673469388,172.265625,209.63274376417235,355.2978515625
138.95619047619047,947.4609375,,,31.30095238095238,53.8330078125,168.20562358276644,32.2998046875,139.6934240362812,258.3984375,130.40344671201814,21.533203125,209.7255328798186,344.53125
139.04553287981858,527.5634765625,,,31.394013605442176,75.3662109375,168.39374149659864,312.2314453125,140.2488888888889,43.06640625,130.58965986394557,75.3662109375,209.9106575963719,269.1650390625
139.22757369614513,86.1328125,,,31.48671201814059,53.8330078125,170.43510204081633,75.3662109375,140.34603174603174,549.0966796875,131.23981859410432,75.3662109375,210.1950113378685,947.4609375
139.51356009070295,958.2275390625,,,31.579591836734693,53.8330078125,170.90675736961452,936.6943359375,141.73496598639457,43.06640625,131.42539682539683,53.8330078125,210.2877097505669,925.927734375
139.60625850340136,936.6943359375,,,31.672834467120182,96.8994140625,173.50049886621315,118.4326171875,141.82984126984127,279.931640625,131.51972789115646,226.0986328125,210.38031746031746,893.6279296875
139.7847619047619,75.3662109375,,,31.765532879818593,75.3662109375,174.15691609977324,861.328125,142.29396825396825,247.6318359375,131.70458049886622,118.4326171875,210.47292517006804,861.328125
139.97160997732425,204.5654296875,,,31.8584126984127,75.3662109375,176.28589569160997,0.0,143.04018140589568,624.462890625,132.08,581.396484375,210.57242630385488,1647.2900390625
140.06448979591838,204.5654296875,,,,,176.3787755102041,0.0,143.31827664399094,559.86328125,132.4477097505669,129.19921875,210.65587301587303,527.5634765625
140.15736961451248,204.5654296875,,,,,176.4716553287982,0.0,143.32453514739228,1302.7587890625,132.540589569161,129.19921875,210.74875283446713,527.5634765625
140.34312925170067,204.5654296875,,,,,176.6574149659864,0.0,143.77986394557823,226.0986328125,132.7263492063492,129.19921875,210.84163265306123,527.5634765625
140.7146485260771,204.5654296875,,,,,176.7502947845805,0.0,144.05959183673468,355.2978515625,133.00571428571428,215.33203125,210.93133786848074,150.732421875
140.80643990929704,75.3662109375,,,,,177.2150566893424,43.06640625,144.43074829931973,312.2314453125,133.09850340136055,204.5654296875,211.02421768707484,150.732421875
140.8992290249433,64.599609375,,,,,177.40126984126985,96.8994140625,144.6138775510204,0.0,133.28326530612244,86.1328125,211.11709750566894,150.732421875
140.99319727891157,193.798828125,,,,,178.70167800453515,107.666015625,144.8962358276644,441.4306640625,133.4691156462585,96.8994140625,211.21414965986395,645.99609375
141.09242630385486,947.4609375,,,,,179.81560090702948,32.2998046875,144.9877551020408,279.931640625,133.5619954648526,96.8994140625,211.30902494331065,882.861328125
141.3637188208617,75.3662109375,,,,,182.04507936507937,75.3662109375,145.1732426303855,247.6318359375,133.84126984126985,172.265625,211.39927437641722,570.6298828125
142.1081179138322,236.865234375,,,,,184.27573696145126,258.3984375,145.73668934240362,979.7607421875,133.93378684807257,129.19921875,211.58566893424037,645.99609375
142.20099773242632,236.865234375,,,,,184.36843537414967,236.865234375,145.82367346938776,279.931640625,134.1191836734694,86.1328125,211.67845804988661,635.2294921875
142.29369614512473,215.33203125,,,,,184.4709297052154,1378.125,146.10548752834467,656.7626953125,134.21278911564625,172.265625,211.77079365079365,570.6298828125
142.66521541950112,215.33203125,,,,,184.8425396825397,1388.8916015625,146.19836734693877,656.7626953125,134.30521541950114,118.4326171875,211.8614058956916,301.46484375
142.76145124716552,613.6962890625,,,,,184.93070294784582,829.0283203125,146.29124716553287,656.7626953125,134.58349206349206,75.3662109375,211.95437641723356,312.2314453125
142.8508843537415,204.5654296875,,,,,184.9354195011338,1388.8916015625,146.5698866213152,656.7626953125,134.7692517006803,75.3662109375,212.04997732426304,635.2294921875
142.94267573696146,75.3662109375,,,,,185.48643990929705,645.99609375,146.65968253968254,290.6982421875,135.88399092970522,96.8994140625,212.14231292517007,570.6298828125
143.0372789115646,279.931640625,,,,,187.98993197278912,139.9658203125,147.40263038548753,279.931640625,135.97687074829932,96.8994140625,212.1449433106576,882.861328125
143.23138321995464,1270.458984375,,,,,188.08281179138322,139.9658203125,149.0724716553288,43.06640625,136.06975056689342,96.8994140625,212.23519274376417,570.6298828125
143.49986394557823,64.599609375,,,,,188.36281179138322,301.46484375,149.16961451247167,549.0966796875,136.25551020408165,96.8994140625,212.32589569161,312.2314453125
143.78321995464853,624.462890625,,,,,189.01133786848072,107.666015625,150.37505668934241,312.2314453125,136.9059410430839,129.19921875,212.4215873015873,645.99609375
143.8761904761905,635.2294921875,,,,,190.12580498866214,96.8994140625,150.56027210884355,247.6318359375,138.94938775510204,139.9658203125,212.51437641723356,635.2294921875
144.2453514739229,355.2978515625,,,,,190.12589569160997,107.666015625,150.6530612244898,236.865234375,139.4130612244898,53.8330078125,212.51646258503402,882.861328125
144.34049886621315,624.462890625,,,,,190.21877551020407,107.666015625,151.02521541950114,312.2314453125,139.50657596371883,129.19921875,212.6067120181406,570.6298828125
145.26630385487528,269.1650390625,,,,,190.3116553287982,107.666015625,151.11809523809524,312.2314453125,139.59945578231293,129.19921875,212.69732426303855,301.46484375
145.54349206349207,96.8994140625,,,,,190.498231292517,204.5654296875,152.23219954648525,258.3984375,139.69233560090703,129.19921875,212.7902947845805,312.2314453125
145.73024943310656,215.33203125,,,,,191.7039455782313,0.0,153.2540589569161,279.931640625,139.9707029478458,96.8994140625,212.79310657596372,645.99609375
145.82331065759638,236.865234375,,,,,192.72625850340137,75.3662109375,153.6467120181406,2788.5498046875,140.62149659863945,172.265625,212.88589569161,635.2294921875
145.91591836734693,204.5654296875,,,,,192.81913832199547,75.3662109375,153.90421768707483,279.931640625,141.08589569160998,172.265625,212.978231292517,570.6298828125
146.100589569161,75.3662109375,,,,,193.0051700680272,107.666015625,153.99709750566893,279.931640625,143.22113378684807,53.8330078125,212.98077097505669,872.0947265625
146.3825850340136,473.73046875,,,,,193.09814058956917,118.4326171875,154.74240362811793,549.0966796875,143.50222222222223,344.53125,213.07310657596372,807.4951171875
146.47537414965987,462.9638671875,,,,,193.19102040816327,118.4326171875,155.02113378684808,559.86328125,143.68698412698413,226.0986328125,213.1618140589569,312.2314453125
146.65786848072563,75.3662109375,,,,,195.14521541950114,559.86328125,156.5974603174603,247.6318359375,143.77986394557823,226.0986328125,213.25750566893424,645.99609375
146.84562358276645,312.2314453125,,,,,195.23600907029478,312.2314453125,157.99419501133787,667.529296875,145.73006802721088,193.798828125,213.34975056689342,570.6298828125
147.03219954648526,409.130859375,,,,,195.32888888888888,312.2314453125,158.08680272108845,635.2294921875,146.56544217687076,129.19921875,213.35238095238094,882.861328125
147.12235827664398,86.1328125,,,,,195.42176870748298,312.2314453125,160.7750566893424,10.7666015625,146.93777777777777,226.0986328125,213.44471655328798,818.26171875
147.2150566893424,64.599609375,,,,,195.5146485260771,312.2314453125,161.52589569160997,936.6943359375,149.07292517006803,96.8994140625,213.5332426303855,301.46484375
147.30920634920636,215.33203125,,,,,195.6075283446712,312.2314453125,161.704126984127,43.06640625,155.94603174603174,96.8994140625,213.62902494331067,645.99609375
147.40426303854875,473.73046875,,,,,195.7004081632653,312.2314453125,161.9968253968254,1711.8896484375,156.13179138321996,96.8994140625,213.7218140589569,635.2294921875
147.49750566893425,516.796875,,,,,196.07156462585033,269.1650390625,161.99700680272107,1733.4228515625,157.52643990929704,269.1650390625,213.81414965986394,570.6298828125
147.59038548752835,516.796875,,,,,196.72027210884355,96.8994140625,162.27165532879818,1259.6923828125,158.73278911564626,139.9658203125,213.81668934240363,872.0947265625
147.77569160997732,462.9638671875,,,,,197.18412698412698,32.2998046875,162.4471655328798,43.06640625,159.75619047619048,344.53125,213.90902494331067,807.4951171875
147.86666666666667,236.865234375,,,,,197.27709750566893,43.06640625,162.73977324263038,1701.123046875,159.94195011337868,344.53125,213.99773242630386,312.2314453125
148.0584126984127,947.4609375,,,,,197.27827664399092,183.0322265625,162.76725623582766,4963.4033203125,160.03482993197278,344.53125,214.09333333333333,635.2294921875
148.33079365079365,204.5654296875,,,,,197.36997732426303,43.06640625,163.4702947845805,215.33203125,160.5921088435374,344.53125,214.18566893424037,570.6298828125
148.42367346938775,204.5654296875,,,,,197.37115646258502,183.0322265625,163.56979591836733,1001.2939453125,160.77786848072563,344.53125,214.1882993197279,882.861328125
148.51655328798185,204.5654296875,,,,,197.4655782312925,366.064453125,163.65433106575964,10.7666015625,163.47074829931972,269.1650390625,214.27854875283447,570.6298828125
148.6095238095238,215.33203125,,,,,197.55609977324264,86.1328125,163.85160997732427,1378.125,164.21233560090704,96.8994140625,214.36925170068028,312.2314453125
148.7014058956916,96.8994140625,,,,,197.6490702947846,96.8994140625,163.9443990929705,1367.3583984375,166.0699319727891,96.8994140625,214.4649433106576,645.99609375
148.79519274376418,204.5654296875,,,,,197.83437641723356,43.06640625,164.0275736961451,215.33203125,166.16281179138323,96.8994140625,214.55773242630386,635.2294921875
148.88807256235827,204.5654296875,,,,,197.92925170068028,279.931640625,164.22303854875284,1367.3583984375,168.30113378684808,344.53125,214.5598185941043,882.861328125
149.1667120181406,204.5654296875,,,,,198.02213151927438,279.931640625,164.3978231292517,64.599609375,169.137052154195,344.53125,214.6500680272109,570.6298828125
149.25850340136054,75.3662109375,,,,,198.11301587301588,43.06640625,164.5857596371882,322.998046875,170.622947845805,322.998046875,214.65260770975055,872.0947265625
149.3512925170068,64.599609375,,,,,198.20589569160998,43.06640625,164.6786394557823,322.998046875,171.08780045351475,376.8310546875,214.7449433106576,807.4951171875
149.4453514739229,204.5654296875,,,,,198.29877551020408,43.06640625,164.77151927437643,322.998046875,171.27120181405897,96.8994140625,214.87736961451247,5501.7333984375
149.44544217687076,215.33203125,,,,,198.39156462585035,32.2998046875,164.95637188208616,215.33203125,172.1071201814059,96.8994140625,215.15600907029477,5501.7333984375
149.53850340136054,236.865234375,,,,,198.58049886621316,409.130859375,165.14049886621316,21.533203125,172.2,96.8994140625,215.2488888888889,5501.7333984375
149.63138321995464,236.865234375,,,,,198.67074829931974,96.8994140625,165.23356009070295,43.06640625,172.29287981859412,96.8994140625,215.341768707483,5501.7333984375
149.7241723356009,226.0986328125,,,,,198.67083900226757,107.666015625,165.32643990929705,43.06640625,172.57197278911565,150.732421875,215.5275283446712,5501.7333984375
150.18839002267575,204.5654296875,,,,,198.76371882086167,107.666015625,165.51365079365078,215.33203125,172.66503401360544,172.265625,215.6204081632653,5501.7333984375
150.4673015873016,236.865234375,,,,,198.85659863945577,107.666015625,165.60643990929705,204.5654296875,174.33786848072563,290.6982421875,215.71328798185942,5501.7333984375
150.7455782312925,193.798828125,,,,,198.94938775510204,96.8994140625,165.6065306122449,215.33203125,176.37950113378685,86.1328125,215.80616780045352,5501.7333984375
150.7457596371882,215.33203125,,,,,199.13460317460317,32.2998046875,165.7439455782313,5501.7333984375,176.5661678004535,193.798828125,215.89904761904762,5501.7333984375
150.83755102040817,86.1328125,,,,,199.2281179138322,107.666015625,166.44244897959183,215.33203125,176.6590476190476,193.798828125,215.99192743764172,5501.7333984375
151.11727891156463,215.33203125,,,,,199.3209977324263,107.666015625,166.62675736961452,43.06640625,176.75356009070296,387.59765625,216.08480725623582,5501.7333984375
151.2100680272109,204.5654296875,,,,,199.41342403628119,53.8330078125,166.71936507936508,10.7666015625,176.84643990929706,387.59765625,216.17768707482992,5501.7333984375
151.30303854875282,215.33203125,,,,,199.50630385487528,53.8330078125,166.99963718820862,204.5654296875,176.93687074829933,96.8994140625,216.27056689342405,5501.7333984375
151.39473922902494,75.3662109375,,,,,199.59918367346938,53.8330078125,166.99972789115645,215.33203125,177.02975056689343,96.8994140625,216.36344671201815,5501.7333984375
151.48861678004536,193.798828125,,,,,199.7847619047619,32.2998046875,167.09251700680272,204.5654296875,177.30802721088435,53.8330078125,216.45632653061224,5501.7333984375
151.58149659863946,193.798828125,,,,,199.8778231292517,53.8330078125,167.09260770975058,215.33203125,178.32997732426304,86.1328125,216.54920634920634,5501.7333984375
151.6781859410431,645.99609375,,,,,199.97106575963718,96.8994140625,167.46448979591835,258.3984375,178.51546485260772,53.8330078125,216.64208616780044,5501.7333984375
151.7708843537415,624.462890625,,,,,200.06394557823128,96.8994140625,167.55736961451248,258.3984375,178.61079365079365,344.53125,216.73496598639457,5501.7333984375
152.1424036281179,624.462890625,,,,,200.15791383219954,226.0986328125,167.65024943310658,258.3984375,178.79510204081632,172.265625,216.82784580498867,5501.7333984375
152.23537414965986,635.2294921875,,,,,200.24979591836734,107.666015625,167.74312925170068,258.3984375,178.97986394557824,53.8330078125,216.92072562358277,5501.7333984375
152.3287074829932,689.0625,,,,,200.34213151927437,43.06640625,167.92943310657597,322.998046875,179.16562358276644,53.8330078125,217.01360544217687,5501.7333984375
152.6041723356009,312.2314453125,,,,,200.43501133786847,43.06640625,168.20997732426304,549.0966796875,179.35138321995464,53.8330078125,217.10648526077097,5501.7333984375
152.69968253968253,624.462890625,,,,,200.52843537414967,107.666015625,168.30285714285714,549.0966796875,179.53750566893424,96.8994140625,217.19936507936507,5501.7333984375
153.63020408163266,829.0283203125,,,,,200.62240362811792,236.865234375,168.39319727891157,247.6318359375,179.63038548752834,96.8994140625,217.2922448979592,5501.7333984375
153.72299319727892,818.26171875,,,,,200.7138321995465,64.599609375,168.67210884353742,279.931640625,179.81768707482993,279.931640625,217.3851247165533,5501.7333984375
153.8160544217687,839.794921875,,,,,200.8067120181406,64.599609375,169.32172335600907,215.33203125,180.00190476190477,96.8994140625,217.4780045351474,5501.7333984375
154.92616780045353,312.2314453125,,,,,200.8995918367347,64.599609375,169.41514739229024,279.931640625,180.3736961451247,129.19921875,217.5708843537415,5501.7333984375
155.20453514739228,279.931640625,,,,,200.99238095238096,53.8330078125,169.69378684807256,279.931640625,180.7457596371882,193.798828125,217.6637641723356,5501.7333984375
155.67183673469387,624.462890625,,,,,201.08517006802722,43.06640625,169.78657596371883,269.1650390625,181.02358276643992,96.8994140625,217.75664399092972,5501.7333984375
156.13160997732427,75.3662109375,,,,,201.17832199546484,75.3662109375,169.8790022675737,215.33203125,181.11646258503401,96.8994140625,217.84952380952382,5501.7333984375
156.78367346938776,301.46484375,,,,,201.17895691609976,150.732421875,170.06884353741498,699.8291015625,181.20925170068028,86.1328125,217.94240362811792,5501.7333984375
156.87582766439908,215.33203125,,,,,201.27120181405897,75.3662109375,170.4356462585034,139.9658203125,181.30204081632652,75.3662109375,218.03528344671201,5501.7333984375
156.96861678004535,204.5654296875,,,,,201.36408163265307,75.3662109375,170.5285260770975,139.9658203125,181.67356009070295,75.3662109375,218.1281632653061,5501.7333984375
157.06149659863945,204.5654296875,,,,,201.45832199546484,236.865234375,170.62140589569162,139.9658203125,181.85931972789115,75.3662109375,218.2210430839002,5501.7333984375
157.1534693877551,96.8994140625,,,,,201.54984126984127,75.3662109375,170.80780045351474,215.33203125,182.04507936507937,75.3662109375,218.31392290249434,5501.7333984375
157.71056689342404,75.3662109375,,,,,201.64253968253968,53.8330078125,170.90421768707483,635.2294921875,182.13777777777779,53.8330078125,218.40680272108844,5501.7333984375
157.8045351473923,204.5654296875,,,,,201.73560090702946,75.3662109375,171.1822222222222,559.86328125,182.32353741496598,53.8330078125,218.49968253968254,5501.7333984375
158.1752380952381,107.666015625,,,,,201.8284807256236,75.3662109375,171.36507936507937,215.33203125,182.51065759637189,215.33203125,218.59256235827664,5501.7333984375
158.26784580498867,75.3662109375,,,,,201.83020408163264,279.931640625,172.29414965986393,247.6318359375,182.602358276644,75.3662109375,218.68544217687074,5501.7333984375
159.19827664399094,269.1650390625,,,,,201.92272108843537,236.865234375,172.57278911564626,247.6318359375,182.6952380952381,75.3662109375,218.77832199546486,5501.7333984375
159.2895238095238,75.3662109375,,,,,202.0142403628118,75.3662109375,172.66566893424036,247.6318359375,182.78902494331066,183.0322265625,218.87120181405896,5501.7333984375
159.47664399092972,236.865234375,,,,,202.1071201814059,75.3662109375,172.85142857142858,247.6318359375,182.88190476190476,183.0322265625,,
159.56943310657596,226.0986328125,,,,,202.2001814058957,96.8994140625,172.94430839002268,247.6318359375,182.97487528344672,193.798828125,,
159.66240362811791,236.865234375,,,,,202.20027210884354,107.666015625,173.03718820861678,247.6318359375,183.06766439909296,183.0322265625,,
159.84680272108844,75.3662109375,,,,,202.2926984126984,53.8330078125,173.31591836734694,258.3984375,183.16063492063492,193.798828125,,
160.4039909297052,64.599609375,,,,,202.38548752834467,43.06640625,173.78285714285715,559.86328125,183.25351473922902,193.798828125,,
160.86857142857144,86.1328125,,,,,202.47863945578231,75.3662109375,174.05886621315193,247.6318359375,183.34639455782312,193.798828125,,
161.33360544217686,161.4990234375,,,,,202.5715192743764,75.3662109375,174.15528344671202,667.529296875,183.43927437641725,193.798828125,,
162.07818594104307,344.53125,,,,,202.57215419501134,150.732421875,174.2443537414966,215.33203125,183.53215419501134,193.798828125,,
162.2634013605442,279.931640625,,,,,202.6643990929705,75.3662109375,174.52308390022677,226.0986328125,183.62494331065759,183.0322265625,,
162.35691609977323,355.2978515625,,,,,202.75854875283446,226.0986328125,174.6162358276644,258.3984375,183.71791383219954,193.798828125,,
163.1014058956916,527.5634765625,,,,,202.85015873015874,75.3662109375,174.61968253968254,667.529296875,183.8107029478458,183.0322265625,,
163.38086167800452,624.462890625,,,,,202.9427664399093,43.06640625,174.70875283446713,215.33203125,183.90204081632652,0.0,,
163.65777777777777,419.8974609375,,,,,203.03591836734694,75.3662109375,174.80544217687074,667.529296875,,,,
163.93496598639456,247.6318359375,,,,,203.03764172335602,279.931640625,174.898231292517,656.7626953125,,,,
164.12390022675737,624.462890625,,,,,203.12879818594104,75.3662109375,174.98739229024943,215.33203125,,,,
164.21414965986395,312.2314453125,,,,,203.13052154195012,279.931640625,174.99083900226756,624.462890625,,,,
165.23909297052154,699.8291015625,,,,,203.22303854875284,236.865234375,175.08027210884353,215.33203125,,,,
165.8878911564626,538.330078125,,,,,203.31428571428572,43.06640625,175.0837188208617,624.462890625,,,,
165.98013605442176,462.9638671875,,,,,203.40716553287982,43.06640625,175.17351473922903,258.3984375,,,,
166.07102040816326,226.0986328125,,,,,203.50049886621315,96.8994140625,175.17696145124717,667.529296875,,,,
166.3522902494331,538.330078125,,,,,203.500589569161,107.666015625,175.26639455782313,258.3984375,,,,
167.37124716553288,215.33203125,,,,,203.59301587301587,53.8330078125,175.2694784580499,624.462890625,,,,
167.7415873015873,75.3662109375,,,,,203.68643990929706,118.4326171875,175.35891156462586,215.33203125,,,,
167.83736961451248,419.8974609375,,,,,203.77931972789116,118.4326171875,175.362358276644,624.462890625,,,,
168.11428571428573,215.33203125,,,,,203.87219954648526,118.4326171875,175.45179138321996,215.33203125,,,,
168.39646258503402,635.2294921875,,,,,203.96607709750566,236.865234375,175.45551020408163,656.7626953125,,,,
168.48934240362811,635.2294921875,,,,,204.05886621315193,226.0986328125,175.5484807256236,667.529296875,,,,
169.04362811791384,279.931640625,,,,,204.15074829931973,107.666015625,175.63755102040815,215.33203125,,,,
169.22938775510204,279.931640625,,,,,204.2431746031746,53.8330078125,175.6413605442177,667.529296875,,,,
169.3205442176871,75.3662109375,,,,,204.42947845804989,118.4326171875,175.73043083900228,215.33203125,,,,
169.51038548752834,559.86328125,,,,,204.61469387755102,53.8330078125,175.7338775510204,624.462890625,,,,
170.07238095238094,1119.7265625,,,,,204.70757369614512,53.8330078125,175.82331065759638,215.33203125,,,,
170.80897959183673,355.2978515625,,,,,204.80081632653062,96.8994140625,175.8267573696145,624.462890625,,,,
171.8302947845805,312.2314453125,,,,,204.80090702947845,107.666015625,175.91655328798186,258.3984375,,,,
174.71156462585034,549.0966796875,,,,,204.8932426303855,43.06640625,175.9196371882086,624.462890625,,,,
174.99020408163264,549.0966796875,,,,,205.0806349206349,236.865234375,176.0125170068027,624.462890625,,,,
175.2677551020408,419.8974609375,,,,,205.17342403628118,226.0986328125,176.10539682539684,624.462890625,,,,
175.55392290249432,1313.525390625,,,,,205.26639455782313,236.865234375,176.19482993197278,215.33203125,,,,
175.63646258503402,86.1328125,,,,,205.35918367346937,226.0986328125,176.19827664399094,624.462890625,,,,
176.1936507936508,75.3662109375,,,,,205.3619954648526,559.86328125,176.2915192743764,667.529296875,,,,
176.28943310657596,419.8974609375,,,,,205.45097505668934,96.8994140625,176.3843990929705,667.529296875,,,,
176.84852607709752,635.2294921875,,,,,205.45106575963717,107.666015625,176.47691609977323,624.462890625,,,,
177.21551020408162,96.8994140625,,,,,205.5434013605442,43.06640625,176.56979591836733,624.462890625,,,,
178.05532879818594,559.86328125,,,,,205.63945578231292,419.8974609375,,,,,,
178.5196371882086,549.0966796875,,,,,205.6406349206349,559.86328125,,,,,,
178.98231292517008,344.53125,,,,,205.73342403628118,549.0966796875,,,,,,
179.16807256235828,344.53125,,,,,205.82367346938776,236.865234375,,,,,,
179.26095238095238,344.53125,,,,,,,,,,,,
180.0063492063492,624.462890625,,,,,,,,,,,,
180.18947845804988,312.2314453125,,,,,,,,,,,,
180.28326530612244,419.8974609375,,,,,,,,,,,,
180.56190476190477,419.8974609375,,,,,,,,,,,,
180.74802721088435,462.9638671875,,,,,,,,,,,,
182.79201814058956,538.330078125,,,,,,,,,,,,
182.97514739229024,226.0986328125,,,,,,,,,,,,
183.2564172335601,538.330078125,,,,,,,,,,,,
183.3542857142857,1130.4931640625,,,,,,,,,,,,
183.71972789115645,409.130859375,,,,,,,,,,,,
184.27537414965985,215.33203125,,,,,,,,,,,,
184.6457142857143,75.3662109375,,,,,,,,,,,,
184.74149659863946,419.8974609375,,,,,,,,,,,,
184.92544217687075,204.5654296875,,,,,,,,,,,,
185.300589569161,635.2294921875,,,,,,,,,,,,
185.39337868480726,624.462890625,,,,,,,,,,,,
185.94775510204082,279.931640625,,,,,,,,,,,,
186.04290249433106,549.0966796875,,,,,,,,,,,,
186.22467120181406,75.3662109375,,,,,,,,,,,,
186.31927437641724,279.931640625,,,,,,,,,,,,
186.41442176870748,549.0966796875,,,,,,,,,,,,
186.97650793650794,1119.7265625,,,,,,,,,,,,
187.15455782312924,204.5654296875,,,,,,,,,,,,
187.43501133786847,419.8974609375,,,,,,,,,,,,
187.52780045351474,409.130859375,,,,,,,,,,,,
187.6202267573696,355.2978515625,,,,,,,,,,,,
188.18249433106575,947.4609375,,,,,,,,,,,,
188.82548752834467,96.8994140625,,,,,,,,,,,,
190.2294784580499,1378.125,,,,,,,,,,,,
191.61569160997732,549.0966796875,,,,,,,,,,,,
191.89433106575964,549.0966796875,,,,,,,,,,,,
192.1718820861678,419.8974609375,,,,,,,,,,,,
193.09777777777776,75.3662109375,,,,,,,,,,,,
193.2881632653061,624.462890625,,,,,,,,,,,,
194.49269841269842,279.931640625,,,,,,,,,,,,
194.77378684807258,570.6298828125,,,,,,,,,,,,
195.4237641723356,549.0966796875,,,,,,,,,,,,
195.88643990929705,344.53125,,,,,,,,,,,,
196.07283446712017,419.8974609375,,,,,,,,,,,,
196.16507936507938,344.53125,,,,,,,,,,,,
196.9104761904762,624.462890625,,,,,,,,,,,,
197.09360544217688,312.2314453125,,,,,,,,,,,,
197.18739229024942,419.8974609375,,,,,,,,,,,,
197.27755102040817,96.8994140625,,,,,,,,,,,,
197.46603174603175,419.8974609375,,,,,,,,,,,,
197.65215419501135,462.9638671875,,,,,,,,,,,,
197.83473922902493,86.1328125,,,,,,,,,,,,
199.04734693877552,699.8291015625,,,,,,,,,,,,
199.69614512471657,538.330078125,,,,,,,,,,,,
199.78839002267574,462.9638671875,,,,,,,,,,,,
200.06784580498865,559.86328125,,,,,,,,,,,,
200.16054421768706,538.330078125,,,,,,,,,,,,
200.4354648526077,96.8994140625,,,,,,,,,,,,
200.62385487528346,409.130859375,,,,,,,,,,,,
200.99274376417233,96.8994140625,,,,,,,,,,,,
201.17950113378686,215.33203125,,,,,,,,,,,,
201.54993197278912,86.1328125,,,,,,,,,,,,
201.64562358276643,419.8974609375,,,,,,,,,,,,
201.82956916099772,204.5654296875,,,,,,,,,,,,
201.92253968253968,215.33203125,,,,,,,,,,,,
202.01442176870748,96.8994140625,,,,,,,,,,,,
202.204716553288,635.2294921875,,,,,,,,,,,,
202.29750566893424,624.462890625,,,,,,,,,,,,
202.5717006802721,96.8994140625,,,,,,,,,,,,
202.8518820861678,279.931640625,,,,,,,,,,,,
202.94702947845806,549.0966796875,,,,,,,,,,,,
203.1288888888889,86.1328125,,,,,,,,,,,,
203.22340136054422,279.931640625,,,,,,,,,,,,
203.31863945578232,559.86328125,,,,,,,,,,,,
203.50321995464853,419.8974609375,,,,,,,,,,,,
203.59337868480725,96.8994140625,,,,,,,,,,,,
203.88063492063492,1119.7265625,,,,,,,,,,,,
204.33913832199548,419.8974609375,,,,,,,,,,,,
204.5243537414966,355.2978515625,,,,,,,,,,,,
204.61714285714285,344.53125,,,,,,,,,,,,
205.0867120181406,958.2275390625,,,,,,,,,,,,
205.3649886621315,915.1611328125,,,,,,,,,,,,
205.72961451247164,96.8994140625,,,,,,,,,,,,
206.2868934240363,96.8994140625,,,,,,,,,,,,
207.30857142857144,96.8994140625,,,,,,,,,,,,
207.50131519274376,925.927734375,,,,,,,,,,,,
207.86585034013606,96.8994140625,,,,,,,,,,,,
208.33034013605442,107.666015625,,,,,,,,,,,,
208.51981859410432,549.0966796875,,,,,,,,,,,,
208.61260770975056,538.330078125,,,,,,,,,,,,
208.70566893424035,559.86328125,,,,,,,,,,,,
208.79845804988662,549.0966796875,,,,,,,,,,,,
209.0760090702948,419.8974609375,,,,,,,,,,,,
209.2691156462585,1291.9921875,,,,,,,,,,,,
209.3621768707483,1313.525390625,,,,,,,,,,,,
209.44471655328798,86.1328125,,,,,,,,,,,,
209.9092970521542,107.666015625,,,,,,,,,,,,
210.0019954648526,86.1328125,,,,,,,,,,,,
210.1922902494331,624.462890625,,,,,,,,,,,,
210.9305215419501,53.8330078125,,,,,,,,,,,,
211.11619047619047,43.06640625,,,,,,,,,,,,
211.20916099773243,53.8330078125,,,,,,,,,,,,
211.30204081632652,53.8330078125,,,,,,,,,,,,
211.39492063492062,53.8330078125,,,,,,,,,,,,
211.48780045351475,53.8330078125,,,,,,,,,,,,
211.58068027210885,53.8330078125,,,,,,,,,,,,
211.67356009070295,53.8330078125,,,,,,,,,,,,
211.76643990929705,53.8330078125,,,,,,,,,,,,
211.85931972789115,53.8330078125,,,,,,,,,,,,
